user id,product id,Interaction type,Time stamp,user id ,Customer ID,Age,Gender,Item Purchased,Category,Purchase Amount (USD),Location,Size,Color,Season,Review Rating,Subscription Status,Shipping Type,Discount Applied,Promo Code Used,Previous Purchases,Payment Method,Frequency of Purchases,Year Month,YearMonth,Segment_x,Segment_y,Segment
1.0,4c69b61db1fc16e7013b43fc926e502d,purchase,2023-10-10 08:00:00.000000,1.0,1,55.0,Male,Blouse,Clothing,53,Kentucky,L,Gray,Winter,3.1,Yes,Express,Yes,Yes,14.0,Venmo,Fortnightly,2023-10,2023-10,Medium,Medium,Medium
2.0,66d49bbed043f5be260fa9f7fbff5957,view,2023-11-10 08:00:00.000000,2.0,2,19.0,Male,Sweater,Clothing,64,Maine,L,Maroon,Winter,3.1,Yes,Express,Yes,Yes,2.0,Cash,Fortnightly,2023-11,2023-11,Medium,Medium,Medium
3.0,2c55cae269aebf53838484b0d7dd931a,like,2023-12-10 08:00:00.000000,3.0,3,50.0,Male,Jeans,Clothing,73,Massachusetts,S,Maroon,Spring,3.1,Yes,Free Shipping,Yes,Yes,23.0,Credit Card,Weekly,2023-12,2023-12,Medium,Medium,Medium
23.0,89a993dbc079cc3fbe9088c8170b6f99,like,2023-01-11 08:00:00.000000,23.0,23,56.0,Male,Pants,Clothing,37,California,M,Peach,Summer,3.2,Yes,Store Pickup,Yes,Yes,32.0,Debit Card,Annually,2023-01,2023-01,Low,Low,Low
24.0,84fb43b933850dc05e57a162c5ba1702,view,2023-02-11 08:00:00.000000,24.0,24,31.0,Male,Pants,Clothing,88,Oklahoma,XL,White,Winter,4.4,Yes,Express,Yes,Yes,40.0,Credit Card,Weekly,2023-02,2023-02,High,High,High
25.0,af983053a35fa2a843092369ff3b400b,like,2023-03-11 08:00:00.000000,25.0,25,18.0,Male,Jacket,Outerwear,22,Florida,M,Green,Fall,2.9,Yes,Store Pickup,Yes,Yes,16.0,Debit Card,Weekly,2023-03,2023-03,Low,Low,Low
26.0,6d38858169064c8b7069a19c90dd0ae4,like,2023-04-11 08:00:00.000000,26.0,26,18.0,Male,Hoodie,Clothing,25,Texas,M,Silver,Summer,3.6,Yes,Express,Yes,Yes,14.0,PayPal,Annually,2023-04,2023-04,Low,Low,Low
27.0,326ebcfaa8d5204b634b5648e88e2fe4,purchase,2023-05-11 08:00:00.000000,27.0,27,38.0,Male,Jewelry,Accessories,20,Nevada,M,Red,Spring,3.6,Yes,Next Day Air,Yes,Yes,13.0,Credit Card,Annually,2023-05,2023-05,Low,Low,Low
28.0,a11d9462309527143094a0f68bce0a58,view,2023-06-11 08:00:00.000000,28.0,28,56.0,Male,Shorts,Clothing,56,Kentucky,L,Cyan,Summer,5.0,Yes,Next Day Air,Yes,Yes,7.0,Bank Transfer,Every 3 Months,2023-06,2023-06,Medium,Medium,Medium
29.0,fdd8daf07ddd4a23832f3da7d209252f,like,2023-07-11 08:00:00.000000,29.0,29,54.0,Male,Handbag,Accessories,94,North Carolina,M,Gray,Fall,4.4,Yes,Free Shipping,Yes,Yes,41.0,PayPal,Every 3 Months,2023-07,2023-07,High,High,High
30.0,c15e7efbe14b9bbcb8b7fe31f9818021,purchase,2023-08-11 08:00:00.000000,30.0,30,31.0,Male,Dress,Clothing,48,Wyoming,S,Black,Fall,4.1,Yes,Store Pickup,Yes,Yes,14.0,Credit Card,Weekly,2023-08,2023-08,Medium,Medium,Medium
31.0,5bb4a9aa52085ada20006d166b1e2f87,purchase,2023-09-11 08:00:00.000000,31.0,31,57.0,Male,Jewelry,Accessories,31,North Carolina,L,Black,Winter,4.7,Yes,Standard,Yes,Yes,16.0,Credit Card,Monthly,2023-09,2023-09,Low,Low,Low
32.0,2339c5be505bf647ebff669697c6bc25,view,2023-10-11 08:00:00.000000,32.0,32,33.0,Male,Dress,Clothing,79,West Virginia,L,Brown,Winter,4.7,Yes,Store Pickup,Yes,Yes,45.0,Venmo,Monthly,2023-10,2023-10,High,High,High
33.0,93c659c89f9a1a81374c61c3fdf881bb,like,2023-11-11 08:00:00.000000,33.0,33,36.0,Male,Jacket,Outerwear,67,Kansas,M,Silver,Summer,4.9,Yes,Free Shipping,Yes,Yes,37.0,Venmo,Annually,2023-11,2023-11,Medium,Medium,Medium
34.0,25a1fcc6db40f86566c5f2d902407b15,view,2023-12-11 08:00:00.000000,34.0,34,54.0,Male,Pants,Clothing,38,Colorado,L,Green,Summer,3.3,Yes,Store Pickup,Yes,Yes,45.0,Cash,Quarterly,2023-12,2023-12,Low,Low,Low
53.0,4cd74df98f6a204869dbc31ba3749d3c,like,2023-01-12 08:00:00.000000,53.0,53,42.0,Male,T-shirt,Clothing,20,Alaska,M,Green,Summer,2.6,Yes,Free Shipping,Yes,Yes,26.0,Credit Card,Weekly,2023-01,2023-01,Low,Low,Low
54.0,74c5d3de523d24384aa913b71d29689b,view,2023-02-12 08:00:00.000000,54.0,54,29.0,Male,Skirt,Clothing,24,Mississippi,S,Peach,Winter,3.9,Yes,Next Day Air,Yes,Yes,35.0,Credit Card,Weekly,2023-02,2023-02,Low,Low,Low
55.0,43a663416f7a8325321942235dfa6ef7,purchase,2023-03-12 08:00:00.000000,55.0,55,47.0,Male,Coat,Outerwear,94,New Mexico,M,Brown,Summer,4.2,Yes,Next Day Air,Yes,Yes,35.0,Debit Card,Bi-Weekly,2023-03,2023-03,High,High,High
56.0,f1a2c4a6317e54e9c76377c79eb35201,view,2023-04-12 08:00:00.000000,56.0,56,40.0,Male,Jacket,Outerwear,28,South Carolina,M,Lavender,Winter,3.0,Yes,2-Day Shipping,Yes,Yes,49.0,Credit Card,Annually,2023-04,2023-04,Low,Low,Low
57.0,c4c4257e9c0a5257ed3affae5c568aae,like,2023-05-12 08:00:00.000000,57.0,57,41.0,Male,Backpack,Accessories,73,Mississippi,XL,Brown,Summer,4.7,Yes,Store Pickup,Yes,Yes,46.0,Credit Card,Weekly,2023-05,2023-05,Medium,Medium,Medium
58.0,9ab3556ad20a8d9c1595d298972b2eae,view,2023-06-12 08:00:00.000000,58.0,58,21.0,Male,Coat,Outerwear,64,West Virginia,M,White,Summer,4.4,Yes,Store Pickup,Yes,Yes,17.0,Debit Card,Fortnightly,2023-06,2023-06,Medium,Medium,Medium
59.0,52c1091bb950f7466507179ac0bcbb86,like,2023-07-12 08:00:00.000000,59.0,59,69.0,Male,Hoodie,Clothing,54,Missouri,M,Charcoal,Summer,4.2,Yes,Free Shipping,Yes,Yes,29.0,Venmo,Monthly,2023-07,2023-07,Medium,Medium,Medium
60.0,cb7fc27339298ae31485ce70a774f6cb,like,2023-08-12 08:00:00.000000,60.0,60,63.0,Male,Belt,Accessories,79,Louisiana,L,Yellow,Spring,4.6,Yes,Standard,Yes,Yes,4.0,Debit Card,Weekly,2023-08,2023-08,High,High,High
61.0,5483f67f50a97a8dd7f404f80eab75e1,purchase,2023-09-12 08:00:00.000000,61.0,61,50.0,Male,Sweater,Clothing,37,Idaho,L,Brown,Summer,4.0,Yes,Express,Yes,Yes,17.0,Cash,Weekly,2023-09,2023-09,Low,Low,Low
62.0,ce9fd24e5a2b750d26c861da26ca283c,view,2023-10-12 08:00:00.000000,62.0,62,55.0,Male,Scarf,Accessories,68,Texas,M,Orange,Winter,4.7,Yes,Store Pickup,Yes,Yes,21.0,Credit Card,Every 3 Months,2023-10,2023-10,Medium,Medium,Medium
63.0,ee4f7424fcbf4e3767bd0018e4c3e1d3,like,2023-11-12 08:00:00.000000,63.0,63,30.0,Male,Sneakers,Footwear,21,Mississippi,S,Magenta,Spring,3.8,Yes,Free Shipping,Yes,Yes,31.0,Credit Card,Fortnightly,2023-11,2023-11,Low,Low,Low
64.0,a837eca35fd596cd19b7c5601a1342bc,purchase,2023-12-12 08:00:00.000000,64.0,64,33.0,Male,Sunglasses,Accessories,79,Arizona,L,Lavender,Winter,2.7,Yes,2-Day Shipping,Yes,Yes,43.0,Credit Card,Weekly,2023-12,2023-12,High,High,High
81.0,1f25e0968f5ab9451c985211bdfe4e27,purchase,2023-01-01 00:00:00.000000,81.0,81,19.0,Male,Sandals,Footwear,72,New York,XL,Blue,Summer,3.3,Yes,Store Pickup,Yes,Yes,24.0,Credit Card,Every 3 Months,2023-01,2023-01,Medium,Medium,Medium
86.0,aa5d0f143bd2e72e59977889279f2cf9,view,2023-01-01 10:00:00.000000,86.0,86,53.0,Male,Sunglasses,Accessories,95,New Mexico,M,Charcoal,Winter,4.5,Yes,Next Day Air,Yes,Yes,2.0,Debit Card,Bi-Weekly,2023-01,2023-01,High,High,High
87.0,655d6a86d569a686be549cd34ebc3d9e,like,2023-02-01 10:00:00.000000,87.0,87,24.0,Male,Hoodie,Clothing,41,Nevada,L,Pink,Spring,3.7,Yes,2-Day Shipping,Yes,Yes,47.0,Cash,Bi-Weekly,2023-02,2023-02,Low,Low,Low
88.0,39581e8e51beb8d3a0dd056baba4ff53,view,2023-03-01 10:00:00.000000,88.0,88,52.0,Male,Shoes,Footwear,53,Ohio,M,Green,Fall,3.7,Yes,2-Day Shipping,Yes,Yes,44.0,Debit Card,Fortnightly,2023-03,2023-03,Medium,Medium,Medium
89.0,67fb67f9191d3971c94200a3a3b9baf9,like,2023-04-01 10:00:00.000000,89.0,89,33.0,Male,T-shirt,Clothing,47,Wyoming,M,Orange,Fall,3.5,Yes,Free Shipping,Yes,Yes,35.0,Credit Card,Monthly,2023-04,2023-04,Medium,Medium,Medium
90.0,473f3b4baadf9bb5d4748f2f27887e00,like,2023-05-01 10:00:00.000000,90.0,90,47.0,Male,Jacket,Outerwear,83,California,XL,Pink,Fall,3.6,Yes,Next Day Air,Yes,Yes,15.0,Cash,Quarterly,2023-05,2023-05,High,High,High
91.0,eae3be3cc19d4e642c2578cba1703d04,purchase,2023-06-01 10:00:00.000000,91.0,91,25.0,Male,Hat,Accessories,48,South Carolina,L,Violet,Summer,2.9,Yes,Express,Yes,Yes,29.0,Credit Card,Monthly,2023-06,2023-06,Medium,Medium,Medium
92.0,dbf821fa0abe44f1d29203623d5ee012,view,2023-07-01 10:00:00.000000,92.0,92,44.0,Male,Scarf,Accessories,99,South Carolina,S,Green,Winter,4.6,Yes,Standard,Yes,Yes,18.0,Credit Card,Every 3 Months,2023-07,2023-07,High,High,High
93.0,30ea772fc1d42248ea26c4c5ad0311a5,like,2023-08-01 10:00:00.000000,93.0,93,61.0,Male,Jacket,Outerwear,87,Texas,M,Olive,Winter,4.4,Yes,2-Day Shipping,Yes,Yes,13.0,Venmo,Every 3 Months,2023-08,2023-08,High,High,High
94.0,8406b5a5a8f4b30bd4a9fcc89cca983f,purchase,2023-09-01 10:00:00.000000,94.0,94,37.0,Male,Sweater,Clothing,62,Florida,M,Purple,Fall,4.5,Yes,Standard,Yes,Yes,46.0,Credit Card,Weekly,2023-09,2023-09,Medium,Medium,Medium
95.0,d229c3105ea7858cd1d92641a34b4ec8,purchase,2023-10-01 10:00:00.000000,95.0,95,58.0,Male,Skirt,Clothing,76,Nevada,S,Silver,Spring,4.6,Yes,Free Shipping,Yes,Yes,28.0,Credit Card,Weekly,2023-10,2023-10,High,High,High
96.0,72b935fe1a8026edc4fa21e68e6dfe80,view,2023-11-01 10:00:00.000000,96.0,96,37.0,Male,Sneakers,Footwear,100,Missouri,L,Pink,Fall,3.8,Yes,Free Shipping,Yes,Yes,48.0,PayPal,Monthly,2023-11,2023-11,High,High,High
97.0,10e74e9a2789a22f0ec2c123456edf67,like,2023-12-01 10:00:00.000000,97.0,97,32.0,Male,Gloves,Accessories,73,Delaware,S,Gold,Spring,3.6,Yes,Express,Yes,Yes,43.0,Venmo,Every 3 Months,2023-12,2023-12,Medium,Medium,Medium
110.0,02d5d3748dc98cf913b93dc8b5c05c8b,view,2023-10-10 08:00:00.000000,110.0,110,58.0,Male,T-shirt,Clothing,85,Alabama,M,Violet,Spring,2.6,Yes,Next Day Air,Yes,Yes,43.0,Bank Transfer,Fortnightly,2023-10,2023-10,High,High,High
111.0,45208c800cf9482dfd24ef949a0f0cd0,like,2023-11-10 08:00:00.000000,111.0,111,56.0,Male,Backpack,Accessories,26,New York,M,Black,Summer,4.0,Yes,Standard,Yes,Yes,26.0,Venmo,Fortnightly,2023-11,2023-11,Low,Low,Low
112.0,79e3041db1ebd4fdd038c9d2cf0ef04e,like,2023-12-10 08:00:00.000000,112.0,112,26.0,Male,Belt,Accessories,75,Massachusetts,L,Purple,Summer,5.0,Yes,Free Shipping,Yes,Yes,9.0,Credit Card,Annually,2023-12,2023-12,High,High,High
132.0,1d6d1a47bc11a7549b994c0e8cbd8804,purchase,2023-01-11 08:00:00.000000,132.0,132,28.0,Male,Skirt,Clothing,29,Maine,L,Indigo,Summer,3.9,Yes,Standard,Yes,Yes,46.0,Credit Card,Weekly,2023-01,2023-01,Low,Low,Low
133.0,8fd364299f24cb6ba28a5a93919b5cfa,view,2023-02-11 08:00:00.000000,133.0,133,30.0,Male,Backpack,Accessories,58,New Mexico,M,Orange,Fall,4.7,Yes,2-Day Shipping,Yes,Yes,42.0,PayPal,Weekly,2023-02,2023-02,Medium,Medium,Medium
134.0,7e3cd8712b226daca73ba3ab3abde13c,like,2023-03-11 08:00:00.000000,134.0,134,52.0,Male,Sweater,Clothing,65,Montana,M,Violet,Winter,2.5,Yes,Next Day Air,Yes,Yes,25.0,Venmo,Annually,2023-03,2023-03,Medium,Medium,Medium
135.0,38764032a8ab8cbacc789a9419d2a020,view,2023-04-11 08:00:00.000000,135.0,135,43.0,Male,Hat,Accessories,94,Texas,L,Gray,Fall,4.9,Yes,Store Pickup,Yes,Yes,25.0,Cash,Monthly,2023-04,2023-04,High,High,High
136.0,ff09acf412a4d6277345698d6038909f,like,2023-05-11 08:00:00.000000,136.0,136,43.0,Male,Sandals,Footwear,81,Kansas,M,Purple,Fall,4.1,Yes,Express,Yes,Yes,12.0,PayPal,Quarterly,2023-05,2023-05,High,High,High
137.0,9d5a7160612c96058770fcc966a92054,like,2023-06-11 08:00:00.000000,137.0,137,39.0,Male,Blouse,Clothing,86,South Carolina,M,White,Winter,3.3,Yes,Free Shipping,Yes,Yes,4.0,Debit Card,Quarterly,2023-06,2023-06,High,High,High
138.0,167a657569966c53f85837414f11fef0,purchase,2023-07-11 08:00:00.000000,138.0,138,68.0,Male,Sneakers,Footwear,43,Colorado,M,Turquoise,Spring,4.7,Yes,Free Shipping,Yes,Yes,38.0,PayPal,Weekly,2023-07,2023-07,Low,Low,Low
139.0,6bbd68078c73c7e597720418d5347070,view,2023-08-11 08:00:00.000000,139.0,139,68.0,Male,Skirt,Clothing,29,Georgia,M,Maroon,Winter,4.4,Yes,Store Pickup,Yes,Yes,42.0,Bank Transfer,Weekly,2023-08,2023-08,Low,Low,Low
140.0,875a5a1374880f0c30bce7429ff4e411,like,2023-09-11 08:00:00.000000,140.0,140,49.0,Male,Coat,Outerwear,95,Florida,M,White,Fall,3.8,Yes,Store Pickup,Yes,Yes,30.0,Venmo,Annually,2023-09,2023-09,High,High,High
141.0,55259e7b18b0f9c485d920d401dafed3,purchase,2023-10-11 08:00:00.000000,141.0,141,63.0,Male,Shirt,Clothing,28,North Carolina,L,Yellow,Fall,3.9,Yes,2-Day Shipping,Yes,Yes,50.0,Credit Card,Weekly,2023-10,2023-10,Low,Low,Low
142.0,1d3b2d2a7a30a088f5c0e2976b8b37ca,purchase,2023-11-11 08:00:00.000000,142.0,142,56.0,Male,Gloves,Accessories,46,Virginia,M,Turquoise,Fall,4.9,Yes,Free Shipping,Yes,Yes,45.0,PayPal,Weekly,2023-11,2023-11,Medium,Medium,Medium
143.0,baa973c42b723622550e48dda886cff7,view,2023-12-11 08:00:00.000000,143.0,143,37.0,Male,Jacket,Outerwear,58,Nebraska,L,Violet,Fall,3.1,Yes,Free Shipping,Yes,Yes,33.0,Credit Card,Fortnightly,2023-12,2023-12,Medium,Medium,Medium
162.0,590f3150f17afe14169b882ccb085894,like,2023-01-12 08:00:00.000000,162.0,162,65.0,Male,Backpack,Accessories,49,North Dakota,M,Olive,Fall,3.0,Yes,Express,Yes,Yes,29.0,Venmo,Fortnightly,2023-01,2023-01,Medium,Medium,Medium
163.0,aade3ca10a67c48547cb7321a8bfdff2,purchase,2023-02-12 08:00:00.000000,163.0,163,54.0,Male,Sunglasses,Accessories,74,California,M,Turquoise,Summer,3.0,Yes,Store Pickup,Yes,Yes,31.0,PayPal,Bi-Weekly,2023-02,2023-02,High,High,High
164.0,78781a21385e64c99625cfa04169930c,view,2023-03-12 08:00:00.000000,164.0,164,54.0,Male,Skirt,Clothing,67,Virginia,M,Purple,Summer,3.4,Yes,Standard,Yes,Yes,8.0,Debit Card,Weekly,2023-03,2023-03,Medium,Medium,Medium
165.0,0c9eb56d53ae22e149e1a74b1e26e2aa,like,2023-04-12 08:00:00.000000,165.0,165,59.0,Male,Handbag,Accessories,65,Delaware,S,Purple,Spring,2.6,Yes,Free Shipping,Yes,Yes,5.0,Credit Card,Fortnightly,2023-04,2023-04,Medium,Medium,Medium
166.0,b16353a747c799db484e5bf81167c98c,purchase,2023-05-12 08:00:00.000000,166.0,166,42.0,Male,Handbag,Accessories,60,Kentucky,S,Yellow,Winter,2.8,Yes,Store Pickup,Yes,Yes,7.0,Cash,Monthly,2023-05,2023-05,Medium,Medium,Medium
167.0,44af50aecebcfbca03654d2ab92aac6b,purchase,2023-06-12 08:00:00.000000,167.0,167,46.0,Male,Sneakers,Footwear,31,Delaware,XL,Indigo,Fall,4.0,Yes,Store Pickup,Yes,Yes,30.0,Cash,Monthly,2023-06,2023-06,Low,Low,Low
168.0,f4d3330e05b15674aa1f2c5b4d044cd4,purchase,2023-07-12 08:00:00.000000,168.0,168,33.0,Male,Gloves,Accessories,27,Arkansas,M,Green,Fall,4.0,Yes,Express,Yes,Yes,14.0,Credit Card,Every 3 Months,2023-07,2023-07,Low,Low,Low
169.0,abe81df9ab60b47485e890b36cb279f9,view,2023-08-12 08:00:00.000000,169.0,169,34.0,Male,Shoes,Footwear,80,Louisiana,M,Magenta,Summer,3.0,Yes,Express,Yes,Yes,5.0,Cash,Fortnightly,2023-08,2023-08,High,High,High
170.0,40d32e8dde1e0d2f405a1cf18c401d49,like,2023-09-12 08:00:00.000000,170.0,170,27.0,Male,Jacket,Outerwear,30,Nevada,S,Gold,Summer,3.3,Yes,Standard,Yes,Yes,3.0,PayPal,Every 3 Months,2023-09,2023-09,Low,Low,Low
171.0,fa1866644e57cb438168bff84ece7c25,view,2023-10-12 08:00:00.000000,171.0,171,52.0,Male,Shirt,Clothing,25,Wyoming,M,Maroon,Fall,2.6,Yes,Store Pickup,Yes,Yes,46.0,Venmo,Bi-Weekly,2023-10,2023-10,Low,Low,Low
172.0,19ef9573802bf0c2d880c55e29c92003,like,2023-11-12 08:00:00.000000,172.0,172,29.0,Male,Shorts,Clothing,35,Virginia,M,Blue,Summer,3.6,Yes,Store Pickup,Yes,Yes,4.0,Credit Card,Weekly,2023-11,2023-11,Low,Low,Low
173.0,9a368eab9859f79f2850773b36b01917,like,2023-12-12 08:00:00.000000,173.0,173,54.0,Male,Jewelry,Accessories,67,Nebraska,M,Violet,Summer,3.9,Yes,Next Day Air,Yes,Yes,42.0,Credit Card,Bi-Weekly,2023-12,2023-12,Medium,Medium,Medium
190.0,d34cc15af5c365e8e4505fdbaec1bfbb,view,2023-01-01 00:00:00.000000,190.0,190,36.0,Male,Blouse,Clothing,82,West Virginia,M,Maroon,Fall,4.4,Yes,Next Day Air,Yes,Yes,4.0,Credit Card,Weekly,2023-01,2023-01,High,High,High
195.0,39887c2739efaea41c8ff64b2bcf5a05,purchase,2023-01-01 10:00:00.000000,195.0,195,51.0,Male,Backpack,Accessories,94,Missouri,M,Olive,Spring,3.1,Yes,Express,Yes,Yes,15.0,Debit Card,Quarterly,2023-01,2023-01,High,High,High
196.0,f8be834ac3d69dd71dcde215b308a38d,view,2023-02-01 10:00:00.000000,196.0,196,51.0,Male,Jacket,Outerwear,25,New York,M,Magenta,Fall,4.3,Yes,Free Shipping,Yes,Yes,34.0,Credit Card,Monthly,2023-02,2023-02,Low,Low,Low
197.0,ec05fb1e17e8206c1537dd9fc6cd4ca6,like,2023-03-01 10:00:00.000000,197.0,197,38.0,Male,Boots,Footwear,88,Washington,M,Lavender,Summer,3.9,Yes,Next Day Air,Yes,Yes,41.0,Credit Card,Fortnightly,2023-03,2023-03,High,High,High
198.0,67c5ad1b80a48100edd86b683ca6056d,purchase,2023-04-01 10:00:00.000000,198.0,198,59.0,Male,Scarf,Accessories,78,South Carolina,M,Black,Fall,3.2,Yes,2-Day Shipping,Yes,Yes,41.0,Credit Card,Monthly,2023-04,2023-04,High,High,High
199.0,e38b5f6d4d43c40bbb254a7eb0ef919a,purchase,2023-05-01 10:00:00.000000,199.0,199,57.0,Male,Jewelry,Accessories,45,Utah,M,Turquoise,Winter,4.8,Yes,Standard,Yes,Yes,39.0,Credit Card,Fortnightly,2023-05,2023-05,Medium,Medium,Medium
200.0,8e34bfe8fdd48732e9f5c8fd0ae1c2a3,view,2023-06-01 10:00:00.000000,200.0,200,54.0,Male,Hat,Accessories,73,Idaho,XL,Green,Summer,3.8,Yes,Express,Yes,Yes,32.0,Cash,Weekly,2023-06,2023-06,Medium,Medium,Medium
201.0,8a099a7dd34305e8428ab48fca3fad79,like,2023-07-01 10:00:00.000000,201.0,201,25.0,Male,Dress,Clothing,61,Pennsylvania,S,Teal,Summer,3.3,Yes,Next Day Air,Yes,Yes,29.0,Venmo,Monthly,2023-07,2023-07,Medium,Medium,Medium
202.0,1ce0d10b52aeadc76bf43579d2d95aca,view,2023-08-01 10:00:00.000000,202.0,202,69.0,Male,Blouse,Clothing,22,Missouri,S,Beige,Fall,4.3,Yes,Free Shipping,Yes,Yes,15.0,Bank Transfer,Annually,2023-08,2023-08,Low,Low,Low
203.0,c9ccb2238b43b1c07eeee6efaeec1f3b,like,2023-09-01 10:00:00.000000,203.0,203,57.0,Male,Hat,Accessories,38,Nebraska,L,Magenta,Spring,2.7,Yes,Express,Yes,Yes,33.0,Venmo,Annually,2023-09,2023-09,Low,Low,Low
204.0,f2ebc91da22bc057f048bc35cea0bf6f,like,2023-10-01 10:00:00.000000,204.0,204,70.0,Male,Scarf,Accessories,38,Indiana,S,Yellow,Fall,3.2,Yes,Next Day Air,Yes,Yes,18.0,Bank Transfer,Weekly,2023-10,2023-10,Low,Low,Low
205.0,d0777b6e4b75a1c3edac4547132635c6,purchase,2023-11-01 10:00:00.000000,205.0,205,24.0,Male,Sneakers,Footwear,100,Arizona,M,Yellow,Fall,4.0,Yes,Store Pickup,Yes,Yes,35.0,Cash,Bi-Weekly,2023-11,2023-11,High,High,High
206.0,0c5298272cf8b8c881bfba43f0f9821a,view,2023-12-01 10:00:00.000000,206.0,206,67.0,Male,Shirt,Clothing,64,Hawaii,M,Silver,Winter,3.0,Yes,Standard,Yes,Yes,25.0,PayPal,Weekly,2023-12,2023-12,Medium,Medium,Medium
226.0,a6737b0c04b96b728bc14669376d3ebf,purchase,2023-01-02 10:00:00.000000,226.0,226,25.0,Male,Jacket,Outerwear,22,Arkansas,M,Olive,Spring,3.2,Yes,Next Day Air,Yes,Yes,11.0,Bank Transfer,Annually,2023-01,2023-01,Low,Low,Low
227.0,b24cdf404d3a7505edcd35049aec46d1,view,2023-02-02 10:00:00.000000,227.0,227,29.0,Male,Shoes,Footwear,74,Texas,L,Violet,Spring,3.3,Yes,Free Shipping,Yes,Yes,5.0,PayPal,Monthly,2023-02,2023-02,High,High,High
228.0,3ace0bf66d966fd622f6b46f025bd478,like,2023-03-02 10:00:00.000000,228.0,228,50.0,Male,Jeans,Clothing,90,Rhode Island,M,Turquoise,Winter,4.2,Yes,Standard,Yes,Yes,25.0,Venmo,Fortnightly,2023-03,2023-03,High,High,High
229.0,98e34c37b5ee85b4c20cf72962b57868,view,2023-04-02 10:00:00.000000,229.0,229,18.0,Male,Socks,Clothing,79,New Hampshire,M,White,Spring,2.9,Yes,Store Pickup,Yes,Yes,11.0,Credit Card,Annually,2023-04,2023-04,High,High,High
230.0,413ca2eda708e4b85343919c0e1e3926,like,2023-05-02 10:00:00.000000,230.0,230,70.0,Male,Sandals,Footwear,28,Ohio,S,Silver,Spring,4.6,Yes,Next Day Air,Yes,Yes,27.0,PayPal,Every 3 Months,2023-05,2023-05,Low,Low,Low
231.0,3de177e1a695a48dbf706d14e587021f,like,2023-06-02 10:00:00.000000,231.0,231,66.0,Male,Scarf,Accessories,88,Utah,L,Olive,Fall,4.1,Yes,Standard,Yes,Yes,43.0,Credit Card,Annually,2023-06,2023-06,High,High,High
232.0,aa6b0cc46a76b6ff6aeafa2eec3c7816,purchase,2023-07-02 10:00:00.000000,232.0,232,28.0,Male,Blouse,Clothing,26,Tennessee,M,Blue,Spring,3.1,Yes,2-Day Shipping,Yes,Yes,18.0,Debit Card,Every 3 Months,2023-07,2023-07,Low,Low,Low
233.0,81dfc6db189d68b3e9df6c52e6c05b5e,view,2023-08-02 10:00:00.000000,233.0,233,54.0,Male,Jewelry,Accessories,27,Hawaii,L,Purple,Winter,4.2,Yes,Express,Yes,Yes,32.0,Bank Transfer,Bi-Weekly,2023-08,2023-08,Low,Low,Low
234.0,4b64df884b56adb12adf150210014b55,like,2023-09-02 10:00:00.000000,234.0,234,19.0,Male,Sweater,Clothing,83,Arizona,XL,Yellow,Fall,4.5,Yes,Next Day Air,Yes,Yes,27.0,Bank Transfer,Every 3 Months,2023-09,2023-09,High,High,High
235.0,45552618acd76bfc988bbcc3a1b1c283,purchase,2023-10-02 10:00:00.000000,235.0,235,20.0,Male,Gloves,Accessories,39,South Dakota,S,Silver,Summer,3.7,Yes,Next Day Air,Yes,Yes,24.0,Credit Card,Weekly,2023-10,2023-10,Low,Low,Low
236.0,3cdbb47eb172e3493578a8e34a03620b,purchase,2023-11-02 10:00:00.000000,236.0,236,43.0,Male,Sunglasses,Accessories,89,New Jersey,M,Cyan,Winter,3.7,Yes,Free Shipping,Yes,Yes,31.0,Debit Card,Quarterly,2023-11,2023-11,High,High,High
237.0,a69473e10884b515db3fd1641a482c02,view,2023-12-02 10:00:00.000000,237.0,237,38.0,Male,Coat,Outerwear,68,North Dakota,L,Green,Winter,3.4,Yes,Next Day Air,Yes,Yes,39.0,PayPal,Fortnightly,2023-12,2023-12,Medium,Medium,Medium
254.0,b501e323c7a740ad13e56a952dd36dfe,like,2023-01-03 10:00:00.000000,254.0,254,52.0,Male,Boots,Footwear,73,Oklahoma,L,Cyan,Winter,4.9,Yes,2-Day Shipping,Yes,Yes,15.0,Bank Transfer,Bi-Weekly,2023-01,2023-01,Medium,Medium,Medium
255.0,f686fb07d2973557ef45f532b928e458,purchase,2023-02-03 10:00:00.000000,255.0,255,67.0,Male,Sunglasses,Accessories,42,Indiana,M,White,Winter,3.5,Yes,Store Pickup,Yes,Yes,4.0,PayPal,Bi-Weekly,2023-02,2023-02,Low,Low,Low
256.0,82d6de2993fa037d25d5c72ebe3d3243,purchase,2023-03-03 10:00:00.000000,256.0,256,43.0,Male,Scarf,Accessories,20,Maryland,M,Charcoal,Spring,4.2,Yes,Free Shipping,Yes,Yes,25.0,Debit Card,Annually,2023-03,2023-03,Low,Low,Low
257.0,762c9ee1be7ca359274fecdba946cfe3,view,2023-04-03 10:00:00.000000,257.0,257,58.0,Male,Jewelry,Accessories,30,South Dakota,XL,Violet,Spring,4.7,Yes,Express,Yes,Yes,20.0,Credit Card,Every 3 Months,2023-04,2023-04,Low,Low,Low
258.0,24bcd58cf8d6107db9b7f332c2135e48,like,2023-05-03 10:00:00.000000,258.0,258,20.0,Male,Handbag,Accessories,53,West Virginia,M,Red,Summer,4.5,Yes,Express,Yes,Yes,5.0,Credit Card,Quarterly,2023-05,2023-05,Medium,Medium,Medium
259.0,d8aa0b362b490a7e52e800af61d24bfb,view,2023-06-03 10:00:00.000000,259.0,259,61.0,Male,Gloves,Accessories,74,Alabama,S,Lavender,Spring,2.8,Yes,Express,Yes,Yes,16.0,Cash,Quarterly,2023-06,2023-06,High,High,High
260.0,ceb83bfa91665801a1b91aef401fd799,like,2023-07-03 10:00:00.000000,260.0,260,32.0,Male,Jeans,Clothing,57,Louisiana,M,Gold,Fall,2.9,Yes,Standard,Yes,Yes,13.0,Debit Card,Annually,2023-07,2023-07,Medium,Medium,Medium
261.0,37a6a6e890884bb482d93c8e9291bbe8,like,2023-08-03 10:00:00.000000,261.0,261,38.0,Male,Hat,Accessories,57,Montana,S,Red,Winter,3.2,Yes,2-Day Shipping,Yes,Yes,11.0,Credit Card,Every 3 Months,2023-08,2023-08,Medium,Medium,Medium
262.0,2d584ce3af7e45ddaf7cf6b437ee2dd4,purchase,2023-09-03 10:00:00.000000,262.0,262,21.0,Male,Jeans,Clothing,77,California,L,Magenta,Winter,4.9,Yes,Standard,Yes,Yes,21.0,Credit Card,Annually,2023-09,2023-09,High,High,High
263.0,466d00b55d13e340fa2738697e795259,view,2023-10-03 10:00:00.000000,263.0,263,37.0,Male,Pants,Clothing,40,Hawaii,M,Teal,Summer,3.7,Yes,Next Day Air,Yes,Yes,6.0,Debit Card,Annually,2023-10,2023-10,Low,Low,Low
264.0,37ed1450d4e14d6f886b36e6ce7305eb,like,2023-11-03 10:00:00.000000,264.0,264,27.0,Male,Shorts,Clothing,46,Iowa,M,Purple,Summer,4.3,Yes,Store Pickup,Yes,Yes,29.0,Venmo,Monthly,2023-11,2023-11,Medium,Medium,Medium
265.0,a0ab6d26f3316848cdabb34aa091697b,purchase,2023-12-03 10:00:00.000000,265.0,265,36.0,Male,Pants,Clothing,78,Colorado,S,Charcoal,Fall,3.9,Yes,Store Pickup,Yes,Yes,15.0,Cash,Annually,2023-12,2023-12,High,High,High
285.0,13c572dee5928098154a952ec582115f,view,2023-01-04 10:00:00.000000,285.0,285,63.0,Male,Skirt,Clothing,45,Ohio,M,Red,Summer,3.5,Yes,Standard,Yes,Yes,4.0,PayPal,Quarterly,2023-01,2023-01,Medium,Medium,Medium
286.0,ede3d4a0a98b7e0a5a8cea4240498c1d,like,2023-02-04 10:00:00.000000,286.0,286,29.0,Male,Handbag,Accessories,39,Kentucky,XL,Yellow,Summer,4.8,Yes,Express,Yes,Yes,3.0,Debit Card,Bi-Weekly,2023-02,2023-02,Low,Low,Low
287.0,35d0e484bbb4687112e52071376dde6b,purchase,2023-03-04 10:00:00.000000,287.0,287,27.0,Male,Jewelry,Accessories,51,Nebraska,L,Gray,Summer,2.6,Yes,Store Pickup,Yes,Yes,6.0,Debit Card,Annually,2023-03,2023-03,Medium,Medium,Medium
288.0,2e2d46cee23bf6e46bcfc3202be60176,purchase,2023-04-04 10:00:00.000000,288.0,288,56.0,Male,Scarf,Accessories,37,Delaware,L,Blue,Spring,3.4,Yes,2-Day Shipping,Yes,Yes,18.0,Venmo,Fortnightly,2023-04,2023-04,Low,Low,Low
289.0,896dda12412dc704c34b162e81eebf21,view,2023-05-04 10:00:00.000000,289.0,289,30.0,Male,T-shirt,Clothing,62,North Carolina,M,Lavender,Winter,3.7,Yes,2-Day Shipping,Yes,Yes,34.0,Venmo,Bi-Weekly,2023-05,2023-05,Medium,Medium,Medium
290.0,ff6da764e297a604a998d3d7b6ea6304,like,2023-06-04 10:00:00.000000,290.0,290,49.0,Male,Coat,Outerwear,85,New York,M,Yellow,Fall,4.5,Yes,2-Day Shipping,Yes,Yes,26.0,Credit Card,Monthly,2023-06,2023-06,High,High,High
291.0,2fad8b7fef6553a6e24f08f21191441e,view,2023-07-04 10:00:00.000000,291.0,291,58.0,Male,T-shirt,Clothing,33,Colorado,M,Indigo,Winter,3.7,Yes,Standard,Yes,Yes,50.0,PayPal,Weekly,2023-07,2023-07,Low,Low,Low
292.0,467d2e5a3a63120804e28b928cff426c,like,2023-08-04 10:00:00.000000,292.0,292,57.0,Male,Dress,Clothing,26,Delaware,XL,Violet,Fall,3.3,Yes,Next Day Air,Yes,Yes,40.0,Bank Transfer,Monthly,2023-08,2023-08,Low,Low,Low
293.0,11f0583299c812341361ca81ada5bf0b,like,2023-09-04 10:00:00.000000,293.0,293,60.0,Male,Shoes,Footwear,99,Utah,M,Green,Spring,4.7,Yes,Free Shipping,Yes,Yes,24.0,Cash,Quarterly,2023-09,2023-09,High,High,High
294.0,892cac2d4cd163b5a93bf10620269b6e,purchase,2023-10-04 10:00:00.000000,294.0,294,69.0,Male,Handbag,Accessories,39,Connecticut,M,White,Spring,2.7,Yes,Express,Yes,Yes,33.0,PayPal,Annually,2023-10,2023-10,Low,Low,Low
295.0,cc200bd5afb47bd3936cbdc6b80cdd37,view,2023-11-04 10:00:00.000000,295.0,295,70.0,Male,Skirt,Clothing,20,New Jersey,M,Gold,Spring,4.6,Yes,Store Pickup,Yes,Yes,19.0,Credit Card,Every 3 Months,2023-11,2023-11,Low,Low,Low
296.0,ef19c63947c9fda0b1d80b5f060d838b,like,2023-12-04 10:00:00.000000,296.0,296,53.0,Male,Sunglasses,Accessories,42,West Virginia,M,Indigo,Winter,2.7,Yes,Store Pickup,Yes,Yes,24.0,Credit Card,Quarterly,2023-12,2023-12,Low,Low,Low
315.0,33b592927ec0b9b5124d0cdf1cbb15df,view,2023-01-05 10:00:00.000000,315.0,315,30.0,Male,Pants,Clothing,24,New Jersey,M,Purple,Summer,3.3,Yes,Store Pickup,Yes,Yes,17.0,Debit Card,Every 3 Months,2023-01,2023-01,Low,Low,Low
316.0,b7fd8f1258a131e5e20066bc2560193e,like,2023-02-05 10:00:00.000000,316.0,316,66.0,Male,Jewelry,Accessories,24,Wisconsin,XL,Orange,Spring,4.5,Yes,Express,Yes,Yes,24.0,Debit Card,Annually,2023-02,2023-02,Low,Low,Low
317.0,0b9df9bc7f554b556776ce0cf62debfa,purchase,2023-03-05 10:00:00.000000,317.0,317,36.0,Male,Handbag,Accessories,22,California,M,Charcoal,Fall,3.3,Yes,Free Shipping,Yes,Yes,46.0,Venmo,Monthly,2023-03,2023-03,Low,Low,Low
318.0,b00971a083cd293c234215584fbe6d34,purchase,2023-04-05 10:00:00.000000,318.0,318,58.0,Male,Sweater,Clothing,82,West Virginia,L,Teal,Fall,4.3,Yes,Standard,Yes,Yes,42.0,Cash,Every 3 Months,2023-04,2023-04,High,High,High
319.0,1bc287229e08f42b571719d876fd9390,view,2023-05-05 10:00:00.000000,319.0,319,45.0,Male,Backpack,Accessories,67,South Dakota,M,Beige,Winter,2.5,Yes,Standard,Yes,Yes,10.0,Cash,Annually,2023-05,2023-05,Medium,Medium,Medium
320.0,a2126b343317aac5d5fce0fb498ad4b6,like,2023-06-05 10:00:00.000000,320.0,320,47.0,Male,Shorts,Clothing,74,Maine,XL,White,Spring,2.6,Yes,Standard,Yes,Yes,1.0,Cash,Every 3 Months,2023-06,2023-06,High,High,High
321.0,5a76892f67e472c7a6935cda3efee951,view,2023-07-05 10:00:00.000000,321.0,321,66.0,Male,Jewelry,Accessories,72,Kansas,L,White,Summer,4.9,Yes,Standard,Yes,Yes,28.0,Debit Card,Quarterly,2023-07,2023-07,Medium,Medium,Medium
322.0,89354e527633105bd209522dcd6f0260,like,2023-08-05 10:00:00.000000,322.0,322,41.0,Male,Sneakers,Footwear,36,Vermont,L,Orange,Summer,4.7,Yes,Free Shipping,Yes,Yes,48.0,Debit Card,Quarterly,2023-08,2023-08,Low,Low,Low
323.0,c1f6fdcb7200c11653033eca32baacc4,like,2023-09-05 10:00:00.000000,323.0,323,41.0,Male,Belt,Accessories,95,Tennessee,S,Cyan,Winter,3.0,Yes,Standard,Yes,Yes,47.0,Credit Card,Monthly,2023-09,2023-09,High,High,High
324.0,89d180e819d5a779ddec1f8737488821,purchase,2023-10-05 10:00:00.000000,324.0,324,66.0,Male,Hoodie,Clothing,78,Tennessee,M,Orange,Winter,3.5,Yes,Next Day Air,Yes,Yes,29.0,PayPal,Bi-Weekly,2023-10,2023-10,High,High,High
325.0,c4516bf26345dc3de65d173bfdc3416f,view,2023-11-05 10:00:00.000000,325.0,325,37.0,Male,Shirt,Clothing,82,Wyoming,M,Olive,Summer,4.8,Yes,Standard,Yes,Yes,37.0,Venmo,Quarterly,2023-11,2023-11,High,High,High
326.0,c55cde944712e8ae97b1569b2d82747d,like,2023-12-05 10:00:00.000000,326.0,326,70.0,Male,Pants,Clothing,70,Vermont,M,Charcoal,Winter,4.3,Yes,Free Shipping,Yes,Yes,38.0,Debit Card,Annually,2023-12,2023-12,Medium,Medium,Medium
346.0,78b8d7a3166c84993a3add86f29f20fd,like,2023-01-06 10:00:00.000000,346.0,346,48.0,Male,Shoes,Footwear,59,Wyoming,S,Olive,Winter,4.4,Yes,Next Day Air,Yes,Yes,27.0,Bank Transfer,Annually,2023-01,2023-01,Medium,Medium,Medium
347.0,380dde547eeb28d41c6f5b561aea75be,like,2023-02-06 10:00:00.000000,347.0,347,49.0,Male,Jeans,Clothing,50,New Mexico,L,Violet,Spring,4.7,Yes,Next Day Air,Yes,Yes,5.0,Cash,Weekly,2023-02,2023-02,Medium,Medium,Medium
348.0,a9120f43a7645d15d502315dd97c640b,purchase,2023-03-06 10:00:00.000000,348.0,348,36.0,Male,Sandals,Footwear,41,Oregon,L,Red,Fall,3.9,Yes,Store Pickup,Yes,Yes,43.0,PayPal,Fortnightly,2023-03,2023-03,Low,Low,Low
349.0,1a66894a4da3d5abbe0e00ef968b74df,view,2023-04-06 10:00:00.000000,349.0,349,56.0,Male,Blouse,Clothing,59,South Carolina,M,Beige,Fall,2.7,Yes,Free Shipping,Yes,Yes,17.0,PayPal,Fortnightly,2023-04,2023-04,Medium,Medium,Medium
350.0,41fe68f3332ef5ff294535579043f733,like,2023-05-06 10:00:00.000000,350.0,350,37.0,Male,Hat,Accessories,87,Arizona,M,Green,Winter,3.7,Yes,2-Day Shipping,Yes,Yes,3.0,Bank Transfer,Bi-Weekly,2023-05,2023-05,High,High,High
351.0,9bb9ad66025e751bdb6fbc2b88483726,purchase,2023-06-06 10:00:00.000000,351.0,351,42.0,Male,Sweater,Clothing,68,Kentucky,M,Violet,Spring,2.6,Yes,2-Day Shipping,Yes,Yes,47.0,Bank Transfer,Fortnightly,2023-06,2023-06,Medium,Medium,Medium
352.0,c391dce19a39e8076c6c3ecee695bb6e,purchase,2023-07-06 10:00:00.000000,352.0,352,28.0,Male,Skirt,Clothing,90,New York,M,Teal,Winter,3.9,Yes,Standard,Yes,Yes,24.0,Debit Card,Bi-Weekly,2023-07,2023-07,High,High,High
353.0,2e3b37369be0633d811e2dfe32959c1a,view,2023-08-06 10:00:00.000000,353.0,353,27.0,Male,Jeans,Clothing,71,Texas,XL,Yellow,Fall,4.9,Yes,Next Day Air,Yes,Yes,12.0,Cash,Every 3 Months,2023-08,2023-08,Medium,Medium,Medium
354.0,fd0d9b564c242bbd846f26e1398ff547,like,2023-09-06 10:00:00.000000,354.0,354,63.0,Male,Sneakers,Footwear,64,Missouri,L,Yellow,Fall,4.1,Yes,Store Pickup,Yes,Yes,35.0,Debit Card,Monthly,2023-09,2023-09,Medium,Medium,Medium
355.0,a041fc6f48b723642eb89da08f501da2,view,2023-10-06 10:00:00.000000,355.0,355,58.0,Male,Jewelry,Accessories,76,Pennsylvania,S,Olive,Fall,3.0,Yes,Free Shipping,Yes,Yes,42.0,Venmo,Weekly,2023-10,2023-10,High,High,High
356.0,af52cdd7cde02264eeb511188b53ec09,like,2023-11-06 10:00:00.000000,356.0,356,37.0,Male,Jewelry,Accessories,42,Oregon,XL,Magenta,Fall,4.1,Yes,2-Day Shipping,Yes,Yes,1.0,PayPal,Every 3 Months,2023-11,2023-11,Low,Low,Low
357.0,369c54274e90b76be94f206b351e0d1f,like,2023-12-06 10:00:00.000000,357.0,357,56.0,Male,Pants,Clothing,80,Nevada,L,Black,Spring,3.8,Yes,Standard,Yes,Yes,27.0,Cash,Weekly,2023-12,2023-12,High,High,High
376.0,32c4cf00f3535bfdff88ffda600f69dc,like,2023-01-07 10:00:00.000000,376.0,376,59.0,Male,Sunglasses,Accessories,32,Oklahoma,M,Olive,Summer,4.4,Yes,Standard,Yes,Yes,6.0,Debit Card,Quarterly,2023-01,2023-01,Low,Low,Low
377.0,e3863d72695739ba0e28f309ae0ba647,like,2023-02-07 10:00:00.000000,377.0,377,51.0,Male,Shoes,Footwear,51,South Carolina,S,Gray,Fall,4.9,Yes,Express,Yes,Yes,2.0,Venmo,Bi-Weekly,2023-02,2023-02,Medium,Medium,Medium
378.0,6f12ed34925f9493750ec9bff68acca2,purchase,2023-03-07 10:00:00.000000,378.0,378,63.0,Male,Scarf,Accessories,32,Maine,M,Silver,Spring,4.1,Yes,Standard,Yes,Yes,39.0,Credit Card,Every 3 Months,2023-03,2023-03,Low,Low,Low
379.0,031e2e0c145b46ff6ed4fbded1e837c5,view,2023-04-07 10:00:00.000000,379.0,379,54.0,Male,Dress,Clothing,62,Nevada,L,Orange,Winter,4.9,Yes,Next Day Air,Yes,Yes,23.0,Credit Card,Monthly,2023-04,2023-04,Medium,Medium,Medium
380.0,f758e8ad3dcd636efbe2a18bb80ebff7,like,2023-05-07 10:00:00.000000,380.0,380,32.0,Male,T-shirt,Clothing,29,Montana,S,Magenta,Fall,4.7,Yes,2-Day Shipping,Yes,Yes,46.0,Debit Card,Bi-Weekly,2023-05,2023-05,Low,Low,Low
381.0,ec8a992d46f0a547465ef987bcbedba5,purchase,2023-06-07 10:00:00.000000,381.0,381,39.0,Male,Backpack,Accessories,69,New Hampshire,XL,Beige,Fall,3.0,Yes,Store Pickup,Yes,Yes,19.0,Bank Transfer,Weekly,2023-06,2023-06,Medium,Medium,Medium
382.0,2d5e7261022fc03bee16074d8a833b97,like,2023-07-07 10:00:00.000000,382.0,382,66.0,Male,Jewelry,Accessories,25,Maine,L,Lavender,Winter,3.4,Yes,Store Pickup,Yes,Yes,3.0,Credit Card,Every 3 Months,2023-07,2023-07,Low,Low,Low
383.0,612ee4086381c0390869d2544d6153d3,like,2023-08-07 10:00:00.000000,383.0,383,28.0,Male,Jeans,Clothing,76,California,M,Peach,Winter,3.2,Yes,Store Pickup,Yes,Yes,47.0,PayPal,Quarterly,2023-08,2023-08,High,High,High
384.0,ee99550f3696ae1229034dc376be972e,purchase,2023-09-07 10:00:00.000000,384.0,384,50.0,Male,Sunglasses,Accessories,77,West Virginia,S,Magenta,Fall,2.9,Yes,Standard,Yes,Yes,6.0,PayPal,Quarterly,2023-09,2023-09,High,High,High
385.0,6d6401d4a7475283046132dfc59d2a69,view,2023-10-07 10:00:00.000000,385.0,385,70.0,Male,Sweater,Clothing,33,California,M,Beige,Fall,4.5,Yes,2-Day Shipping,Yes,Yes,6.0,Venmo,Annually,2023-10,2023-10,Low,Low,Low
386.0,6bb745b54c3144e5584f1e420b994366,like,2023-11-07 10:00:00.000000,386.0,386,67.0,Male,Shorts,Clothing,93,West Virginia,S,Yellow,Fall,2.7,Yes,Next Day Air,Yes,Yes,12.0,Credit Card,Bi-Weekly,2023-11,2023-11,High,High,High
387.0,d795733b09333b487db7a17fbb6dd0a9,view,2023-12-07 10:00:00.000000,387.0,387,64.0,Male,Jewelry,Accessories,39,Louisiana,L,Brown,Spring,3.4,Yes,Express,Yes,Yes,40.0,PayPal,Quarterly,2023-12,2023-12,Low,Low,Low
407.0,d9bdcb4e843715a3a995ed7bcabbe466,like,2023-01-08 10:00:00.000000,407.0,407,52.0,Male,Gloves,Accessories,55,Maryland,M,Peach,Spring,4.6,Yes,Express,Yes,Yes,13.0,Cash,Monthly,2023-01,2023-01,Medium,Medium,Medium
408.0,9952053dcd6dc43d321a85127afc4051,purchase,2023-02-08 10:00:00.000000,408.0,408,45.0,Male,Hoodie,Clothing,76,North Carolina,XL,Teal,Spring,3.1,Yes,Next Day Air,Yes,Yes,5.0,Credit Card,Bi-Weekly,2023-02,2023-02,High,High,High
409.0,d6125dee74cc6bae8035983c25b17a55,purchase,2023-03-08 10:00:00.000000,409.0,409,34.0,Male,Sneakers,Footwear,66,Alabama,L,White,Spring,3.4,Yes,Express,Yes,Yes,36.0,Cash,Fortnightly,2023-03,2023-03,Medium,Medium,Medium
410.0,7f5d9f977fbf804f17928816aa5de975,view,2023-04-08 10:00:00.000000,410.0,410,35.0,Male,Shorts,Clothing,51,Minnesota,M,Brown,Winter,3.3,Yes,2-Day Shipping,Yes,Yes,32.0,Bank Transfer,Monthly,2023-04,2023-04,Medium,Medium,Medium
411.0,490df829d7167350d0c31b79771598e8,like,2023-05-08 10:00:00.000000,411.0,411,29.0,Male,Sweater,Clothing,26,Virginia,L,Lavender,Spring,4.8,Yes,2-Day Shipping,Yes,Yes,1.0,Credit Card,Quarterly,2023-05,2023-05,Low,Low,Low
412.0,7b40ceaa6389f6dc2f2c74d3a6db5ba1,view,2023-06-08 10:00:00.000000,412.0,412,59.0,Male,Jeans,Clothing,29,Michigan,M,Indigo,Summer,2.8,Yes,Express,Yes,Yes,15.0,PayPal,Annually,2023-06,2023-06,Low,Low,Low
413.0,676a467799b972146ba70da05638fd9d,like,2023-07-08 10:00:00.000000,413.0,413,24.0,Male,Jacket,Outerwear,74,Maine,M,Yellow,Summer,3.1,Yes,Store Pickup,Yes,Yes,3.0,Bank Transfer,Weekly,2023-07,2023-07,High,High,High
414.0,51bdbbd95b928bfbb661182a0dbb9298,like,2023-08-08 10:00:00.000000,414.0,414,70.0,Male,Jewelry,Accessories,99,Nevada,S,White,Summer,4.6,Yes,Free Shipping,Yes,Yes,48.0,Cash,Monthly,2023-08,2023-08,High,High,High
415.0,c8eaae7172f31014730444541a5dec24,purchase,2023-09-08 10:00:00.000000,415.0,415,29.0,Male,Backpack,Accessories,88,Wyoming,L,Violet,Winter,2.6,Yes,Store Pickup,Yes,Yes,30.0,Debit Card,Weekly,2023-09,2023-09,High,High,High
416.0,5d2cd71320b430ffc298dff178670639,view,2023-10-08 10:00:00.000000,416.0,416,67.0,Male,Coat,Outerwear,31,Connecticut,M,Lavender,Winter,2.6,Yes,Express,Yes,Yes,40.0,Bank Transfer,Monthly,2023-10,2023-10,Low,Low,Low
417.0,bd3c1a4e6625e068bedaac904581d1dc,like,2023-11-08 10:00:00.000000,417.0,417,36.0,Male,Belt,Accessories,55,Oregon,L,Olive,Spring,3.8,Yes,Free Shipping,Yes,Yes,24.0,Bank Transfer,Fortnightly,2023-11,2023-11,Medium,Medium,Medium
418.0,97f1fb00a793066b4792c1e728ffe32c,purchase,2023-12-08 10:00:00.000000,418.0,418,23.0,Male,Sandals,Footwear,81,Mississippi,L,Beige,Fall,4.5,Yes,Free Shipping,Yes,Yes,48.0,Debit Card,Quarterly,2023-12,2023-12,High,High,High
438.0,c96032048fa5c809469d7a35aae08e4c,like,2023-01-09 10:00:00.000000,438.0,438,45.0,Male,Jewelry,Accessories,50,New Mexico,M,Peach,Summer,2.6,Yes,Next Day Air,Yes,Yes,41.0,PayPal,Annually,2023-01,2023-01,Medium,Medium,Medium
439.0,5efed4ca5e1d1298828cc60ea425c972,like,2023-02-09 10:00:00.000000,439.0,439,52.0,Male,Belt,Accessories,23,Iowa,M,Turquoise,Winter,4.3,Yes,Express,Yes,Yes,12.0,Credit Card,Fortnightly,2023-02,2023-02,Low,Low,Low
440.0,891cac5659f0725d805dd7bd8f2d533f,purchase,2023-03-09 10:00:00.000000,440.0,440,62.0,Male,Jacket,Outerwear,50,Idaho,M,Turquoise,Summer,3.4,Yes,Free Shipping,Yes,Yes,31.0,Cash,Monthly,2023-03,2023-03,Medium,Medium,Medium
441.0,63f9c5bd25e96254c9af8424667ffb5e,view,2023-04-09 10:00:00.000000,441.0,441,20.0,Male,Shirt,Clothing,89,Oklahoma,XL,Maroon,Winter,3.5,Yes,Store Pickup,Yes,Yes,34.0,Debit Card,Fortnightly,2023-04,2023-04,High,High,High
442.0,93c58d1e0750fd139519720eaf1aa3f0,like,2023-05-09 10:00:00.000000,442.0,442,43.0,Male,Hoodie,Clothing,81,Florida,M,Maroon,Winter,4.2,Yes,Standard,Yes,Yes,32.0,Credit Card,Annually,2023-05,2023-05,High,High,High
443.0,90f190666061ac8135229f7d6de7e34a,purchase,2023-06-09 10:00:00.000000,443.0,443,29.0,Male,Sunglasses,Accessories,69,Michigan,M,Olive,Fall,3.5,Yes,Store Pickup,Yes,Yes,31.0,Credit Card,Quarterly,2023-06,2023-06,Medium,Medium,Medium
444.0,7c9baddfec5619a1e8221383500f7d38,purchase,2023-07-09 10:00:00.000000,444.0,444,22.0,Male,Sunglasses,Accessories,67,Hawaii,M,Magenta,Summer,3.6,Yes,Free Shipping,Yes,Yes,24.0,PayPal,Annually,2023-07,2023-07,Medium,Medium,Medium
445.0,6f15e433a39f5c0fcdaa627012bf1b57,purchase,2023-08-09 10:00:00.000000,445.0,445,48.0,Male,Dress,Clothing,20,California,M,Red,Summer,4.3,Yes,Store Pickup,Yes,Yes,31.0,Debit Card,Annually,2023-08,2023-08,Low,Low,Low
446.0,d7098648e3572010c607138d09906a70,view,2023-09-09 10:00:00.000000,446.0,446,42.0,Male,Boots,Footwear,29,Iowa,M,Olive,Fall,4.9,Yes,Standard,Yes,Yes,18.0,Venmo,Annually,2023-09,2023-09,Low,Low,Low
447.0,482d94e075c08a0d71b7970b9e4b149c,like,2023-10-09 10:00:00.000000,447.0,447,19.0,Male,Shirt,Clothing,74,West Virginia,M,Silver,Summer,4.1,Yes,Store Pickup,Yes,Yes,15.0,Venmo,Monthly,2023-10,2023-10,High,High,High
448.0,ea790c8ff8e5cbdfebabdd43bdf4adf5,view,2023-11-09 10:00:00.000000,448.0,448,60.0,Male,Shorts,Clothing,82,Washington,S,Turquoise,Spring,3.6,Yes,Standard,Yes,Yes,7.0,Bank Transfer,Every 3 Months,2023-11,2023-11,High,High,High
449.0,96ae3a263bcae1ffd757103d9b936e24,like,2023-12-09 10:00:00.000000,449.0,449,32.0,Male,Gloves,Accessories,23,Missouri,M,Yellow,Summer,3.4,Yes,Next Day Air,Yes,Yes,35.0,Bank Transfer,Fortnightly,2023-12,2023-12,Low,Low,Low
468.0,d9128b943775533a855a2457eb1e3401,like,2023-01-10 10:00:00.000000,468.0,468,19.0,Male,Backpack,Accessories,51,Nebraska,S,Orange,Spring,4.5,Yes,2-Day Shipping,Yes,Yes,37.0,Debit Card,Every 3 Months,2023-01,2023-01,Medium,Medium,Medium
469.0,39478c1f7ef6ebefe5b8e7fb39b47a8e,view,2023-02-10 10:00:00.000000,469.0,469,34.0,Male,Backpack,Accessories,38,Georgia,S,Peach,Fall,5.0,Yes,Free Shipping,Yes,Yes,16.0,Cash,Quarterly,2023-02,2023-02,Low,Low,Low
470.0,da6ef7ae796610b9949756af447db734,like,2023-03-10 10:00:00.000000,470.0,470,21.0,Male,Shorts,Clothing,46,Alabama,L,Pink,Fall,4.1,Yes,2-Day Shipping,Yes,Yes,30.0,Debit Card,Bi-Weekly,2023-03,2023-03,Medium,Medium,Medium
471.0,0bff6416c2b7ba1275f592f2f24c99f4,like,2023-04-10 10:00:00.000000,471.0,471,50.0,Male,Dress,Clothing,63,Minnesota,L,Teal,Summer,4.6,Yes,Express,Yes,Yes,6.0,Cash,Every 3 Months,2023-04,2023-04,Medium,Medium,Medium
472.0,3540c0a24abfe24acd2a323c9d4864f4,purchase,2023-05-10 10:00:00.000000,472.0,472,55.0,Male,Scarf,Accessories,72,Missouri,XL,White,Winter,4.9,Yes,2-Day Shipping,Yes,Yes,36.0,Bank Transfer,Quarterly,2023-05,2023-05,Medium,Medium,Medium
473.0,100b6e625e05e74635fc1481067b09d2,view,2023-06-10 10:00:00.000000,473.0,473,20.0,Male,Jeans,Clothing,39,Georgia,L,Gray,Winter,3.9,Yes,Free Shipping,Yes,Yes,3.0,Bank Transfer,Quarterly,2023-06,2023-06,Low,Low,Low
474.0,97161ffe82d6bd9c701229fcdcc347b5,like,2023-07-10 10:00:00.000000,474.0,474,34.0,Male,Coat,Outerwear,42,West Virginia,L,Olive,Spring,3.9,Yes,Store Pickup,Yes,Yes,29.0,PayPal,Every 3 Months,2023-07,2023-07,Low,Low,Low
475.0,2f868132d7ee90e0ff145a36a80dbcd8,purchase,2023-08-10 10:00:00.000000,475.0,475,62.0,Male,Sweater,Clothing,76,Arkansas,XL,Maroon,Summer,2.6,Yes,2-Day Shipping,Yes,Yes,15.0,Cash,Quarterly,2023-08,2023-08,High,High,High
476.0,001ea8215e519a8388c1f1574662550e,purchase,2023-10-10 08:00:00.000000,476.0,476,21.0,Male,Sneakers,Footwear,66,Ohio,L,Magenta,Summer,2.7,Yes,Free Shipping,Yes,Yes,18.0,Debit Card,Annually,2023-10,2023-10,Medium,Medium,Medium
477.0,563ae1d1b23568590c037dcf2a4cf920,view,2023-11-10 08:00:00.000000,477.0,477,21.0,Male,Scarf,Accessories,90,Connecticut,M,Magenta,Spring,3.5,Yes,Free Shipping,Yes,Yes,2.0,Debit Card,Fortnightly,2023-11,2023-11,High,High,High
478.0,79e3f1d7df90f458b44dae0a73c90cf0,like,2023-12-10 08:00:00.000000,478.0,478,42.0,Male,Sweater,Clothing,56,North Dakota,M,Green,Summer,3.7,Yes,Free Shipping,Yes,Yes,49.0,Debit Card,Weekly,2023-12,2023-12,Medium,Medium,Medium
479.0,0b2fbf8879eec6882103a84ada7d4565,view,2023-10-10 08:00:00.000000,479.0,479,35.0,Male,Jewelry,Accessories,43,Kansas,XL,Turquoise,Winter,3.2,Yes,Free Shipping,Yes,Yes,48.0,Venmo,Annually,2023-10,2023-10,Low,Low,Low
480.0,2f270c6bd06db95194593c55e0ac0fee,like,2023-11-10 08:00:00.000000,480.0,480,39.0,Male,Handbag,Accessories,84,Iowa,L,Yellow,Winter,3.3,Yes,Store Pickup,Yes,Yes,43.0,Venmo,Monthly,2023-11,2023-11,High,High,High
481.0,c881b55fb556457eb6c4d83537d702be,like,2023-12-10 08:00:00.000000,481.0,481,68.0,Male,Hoodie,Clothing,88,Vermont,M,Gray,Summer,4.8,Yes,Standard,Yes,Yes,30.0,Debit Card,Bi-Weekly,2023-12,2023-12,High,High,High
501.0,a7093d78205a44e17b2771b9e807fbcc,like,2023-01-11 08:00:00.000000,501.0,501,36.0,Male,T-shirt,Clothing,31,Washington,L,Purple,Fall,4.8,Yes,Next Day Air,Yes,Yes,35.0,Venmo,Every 3 Months,2023-01,2023-01,Low,Low,Low
502.0,2eae820fc975e1b08f2c2992c65473ab,purchase,2023-02-11 08:00:00.000000,502.0,502,64.0,Male,Boots,Footwear,45,Florida,M,Cyan,Spring,2.9,Yes,Next Day Air,Yes,Yes,21.0,Venmo,Annually,2023-02,2023-02,Medium,Medium,Medium
503.0,9d1e87ff204e64c01d39f92a2dd26484,purchase,2023-03-11 08:00:00.000000,503.0,503,59.0,Male,Pants,Clothing,30,South Carolina,S,Cyan,Fall,2.8,Yes,Express,Yes,Yes,8.0,PayPal,Fortnightly,2023-03,2023-03,Low,Low,Low
504.0,74324d9afa459e3189dab32236d819d4,view,2023-04-11 08:00:00.000000,504.0,504,55.0,Male,Shoes,Footwear,24,West Virginia,M,Lavender,Summer,3.2,Yes,Next Day Air,Yes,Yes,26.0,Bank Transfer,Quarterly,2023-04,2023-04,Low,Low,Low
505.0,94619f03268a719d137c5dac0fb79095,like,2023-05-11 08:00:00.000000,505.0,505,42.0,Male,Shoes,Footwear,22,Missouri,M,Maroon,Winter,3.9,Yes,Free Shipping,Yes,Yes,26.0,PayPal,Annually,2023-05,2023-05,Low,Low,Low
506.0,52a631caf68514f7d2fe3711340846ec,view,2023-06-11 08:00:00.000000,506.0,506,61.0,Male,T-shirt,Clothing,63,Maine,L,Gray,Spring,4.3,Yes,Express,Yes,Yes,9.0,Cash,Bi-Weekly,2023-06,2023-06,Medium,Medium,Medium
507.0,ff21beb8b88fab3dd112ddff6265a946,like,2023-07-11 08:00:00.000000,507.0,507,28.0,Male,Scarf,Accessories,40,Georgia,M,Olive,Fall,2.7,Yes,2-Day Shipping,Yes,Yes,48.0,Debit Card,Annually,2023-07,2023-07,Low,Low,Low
508.0,dc7928a4acd49f06e9942ff3abcb9bba,like,2023-08-11 08:00:00.000000,508.0,508,65.0,Male,Shorts,Clothing,20,Maine,M,Magenta,Spring,5.0,Yes,Store Pickup,Yes,Yes,33.0,Debit Card,Fortnightly,2023-08,2023-08,Low,Low,Low
509.0,d94c0dc1c0215ed6b3918f5c7b2a08cb,purchase,2023-09-11 08:00:00.000000,509.0,509,27.0,Male,Jewelry,Accessories,20,Illinois,S,Yellow,Winter,3.7,Yes,Store Pickup,Yes,Yes,31.0,PayPal,Quarterly,2023-09,2023-09,Low,Low,Low
510.0,cec948582e096cc23f0c63a25c80419f,view,2023-10-11 08:00:00.000000,510.0,510,41.0,Male,T-shirt,Clothing,80,Delaware,L,Cyan,Summer,3.9,Yes,Free Shipping,Yes,Yes,17.0,Debit Card,Weekly,2023-10,2023-10,High,High,High
511.0,0b85b52c3c7867204d3f4bb460725a48,like,2023-11-11 08:00:00.000000,511.0,511,21.0,Male,Shirt,Clothing,87,West Virginia,M,Teal,Fall,3.9,Yes,2-Day Shipping,Yes,Yes,22.0,Venmo,Annually,2023-11,2023-11,High,High,High
512.0,c8b3cd29605c96af3a868423ac952842,purchase,2023-12-11 08:00:00.000000,512.0,512,61.0,Male,Shirt,Clothing,46,Hawaii,L,Yellow,Fall,3.1,Yes,Free Shipping,Yes,Yes,8.0,PayPal,Annually,2023-12,2023-12,Medium,Medium,Medium
531.0,efc9a9dbb1aef23874149134c2993b68,like,2023-01-12 08:00:00.000000,531.0,531,48.0,Male,Coat,Outerwear,37,Montana,XL,Magenta,Winter,3.2,Yes,Store Pickup,Yes,Yes,25.0,Credit Card,Bi-Weekly,2023-01,2023-01,Low,Low,Low
532.0,445500cac0eb96d50d06411215ef16d7,purchase,2023-02-12 08:00:00.000000,532.0,532,50.0,Male,Sandals,Footwear,51,Vermont,L,Purple,Fall,3.4,Yes,Next Day Air,Yes,Yes,42.0,Cash,Weekly,2023-02,2023-02,Medium,Medium,Medium
533.0,86a945cbd224573b5522263690f9a950,purchase,2023-03-12 08:00:00.000000,533.0,533,26.0,Male,Pants,Clothing,76,Texas,L,Black,Winter,4.1,Yes,Express,Yes,Yes,35.0,Bank Transfer,Every 3 Months,2023-03,2023-03,High,High,High
534.0,b41aee6135da69e751f68be1d711df68,view,2023-04-12 08:00:00.000000,534.0,534,57.0,Male,Sandals,Footwear,60,North Carolina,L,Pink,Spring,4.5,Yes,Next Day Air,Yes,Yes,17.0,Debit Card,Weekly,2023-04,2023-04,Medium,Medium,Medium
535.0,a2ade3d8592d6349965a1f2b52a159a1,like,2023-05-12 08:00:00.000000,535.0,535,65.0,Male,Gloves,Accessories,72,Florida,L,Pink,Fall,4.5,Yes,Next Day Air,Yes,Yes,4.0,PayPal,Quarterly,2023-05,2023-05,Medium,Medium,Medium
536.0,1ba3bb6855958551930140accecfbe30,view,2023-06-12 08:00:00.000000,536.0,536,56.0,Male,T-shirt,Clothing,45,West Virginia,L,Maroon,Spring,3.2,Yes,Free Shipping,Yes,Yes,24.0,Bank Transfer,Weekly,2023-06,2023-06,Medium,Medium,Medium
537.0,f4048423c6deb2143363d5e80aadfcf3,like,2023-07-12 08:00:00.000000,537.0,537,44.0,Male,Jacket,Outerwear,84,Illinois,S,Maroon,Fall,4.4,Yes,Store Pickup,Yes,Yes,16.0,Debit Card,Every 3 Months,2023-07,2023-07,High,High,High
538.0,f598b1012df8d9fc96fb5c89149f52d7,like,2023-08-12 08:00:00.000000,538.0,538,50.0,Male,Blouse,Clothing,49,Virginia,S,Turquoise,Summer,3.0,Yes,Store Pickup,Yes,Yes,14.0,Debit Card,Annually,2023-08,2023-08,Medium,Medium,Medium
539.0,93f9547c8ade66eb42934011c318f9e0,purchase,2023-09-12 08:00:00.000000,539.0,539,27.0,Male,Socks,Clothing,22,Virginia,XL,Green,Spring,3.2,Yes,Free Shipping,Yes,Yes,43.0,Cash,Weekly,2023-09,2023-09,Low,Low,Low
540.0,efe905e97d20aaf830f4ac451b230ac1,view,2023-10-12 08:00:00.000000,540.0,540,49.0,Male,Coat,Outerwear,48,Wyoming,M,Violet,Winter,4.0,Yes,Store Pickup,Yes,Yes,49.0,Debit Card,Weekly,2023-10,2023-10,Medium,Medium,Medium
541.0,0cd25752c56def154e9919e71217031f,like,2023-11-12 08:00:00.000000,541.0,541,49.0,Male,Dress,Clothing,37,South Carolina,M,Lavender,Spring,3.1,Yes,Next Day Air,Yes,Yes,33.0,Cash,Every 3 Months,2023-11,2023-11,Low,Low,Low
542.0,4dd0765795a35d8f6250da5d56dce607,purchase,2023-12-12 08:00:00.000000,542.0,542,52.0,Male,Jacket,Outerwear,27,Connecticut,L,Gray,Fall,2.8,Yes,Next Day Air,Yes,Yes,45.0,Cash,Bi-Weekly,2023-12,2023-12,Low,Low,Low
559.0,727186c2f311e0a8116633be8411fd93,like,2023-01-01 00:00:00.000000,559.0,559,50.0,Male,Sneakers,Footwear,77,Iowa,L,Teal,Fall,3.2,Yes,Express,Yes,Yes,43.0,Debit Card,Every 3 Months,2023-01,2023-01,High,High,High
564.0,bb73dcf116b625ee294970951b6a5f55,purchase,2023-01-01 10:00:00.000000,564.0,564,61.0,Male,Shoes,Footwear,99,Idaho,M,Black,Fall,4.4,Yes,Standard,Yes,Yes,16.0,Debit Card,Quarterly,2023-01,2023-01,High,High,High
565.0,539ed3efe7862680a8feb8bf2718d2f5,view,2023-02-01 10:00:00.000000,565.0,565,67.0,Male,Hoodie,Clothing,58,Florida,M,Olive,Winter,3.4,Yes,Next Day Air,Yes,Yes,30.0,Bank Transfer,Weekly,2023-02,2023-02,Medium,Medium,Medium
566.0,e87dd1fcbb133c80b2c89687e8edf739,like,2023-03-01 10:00:00.000000,566.0,566,59.0,Male,Backpack,Accessories,43,Idaho,L,Lavender,Fall,4.2,Yes,Store Pickup,Yes,Yes,10.0,Venmo,Weekly,2023-03,2023-03,Low,Low,Low
567.0,e62e033094221892fb6caefbbf81397f,view,2023-04-01 10:00:00.000000,567.0,567,55.0,Male,Sneakers,Footwear,93,Alabama,M,Indigo,Spring,3.6,Yes,Store Pickup,Yes,Yes,1.0,Debit Card,Fortnightly,2023-04,2023-04,High,High,High
568.0,9bbf377ffb579f99c442d7985af045f2,like,2023-05-01 10:00:00.000000,568.0,568,21.0,Male,Blouse,Clothing,50,New Hampshire,S,Red,Winter,3.0,Yes,Next Day Air,Yes,Yes,24.0,Venmo,Fortnightly,2023-05,2023-05,Medium,Medium,Medium
569.0,2ca852f75453280fd74e1ce8841fbd80,like,2023-06-01 10:00:00.000000,569.0,569,44.0,Male,Pants,Clothing,88,Utah,L,Red,Summer,4.0,Yes,Free Shipping,Yes,Yes,36.0,PayPal,Monthly,2023-06,2023-06,High,High,High
570.0,b0afcea9fcaad5acfc8158231e319581,purchase,2023-07-01 10:00:00.000000,570.0,570,65.0,Male,Skirt,Clothing,33,Alabama,M,Pink,Fall,4.4,Yes,Express,Yes,Yes,46.0,Credit Card,Every 3 Months,2023-07,2023-07,Low,Low,Low
571.0,2259a76efa7fe554a68e881a12958aec,view,2023-08-01 10:00:00.000000,571.0,571,65.0,Male,T-shirt,Clothing,99,Iowa,XL,Purple,Fall,4.1,Yes,Standard,Yes,Yes,20.0,Cash,Annually,2023-08,2023-08,High,High,High
572.0,9386b26d1b9f851e63cfd3b41ffb13f9,like,2023-09-01 10:00:00.000000,572.0,572,54.0,Male,Jacket,Outerwear,76,Kentucky,XL,Cyan,Spring,3.6,Yes,Free Shipping,Yes,Yes,37.0,Venmo,Weekly,2023-09,2023-09,High,High,High
573.0,1eefd4a9f26e2d87c4c6313fae4a9806,purchase,2023-10-01 10:00:00.000000,573.0,573,56.0,Male,Scarf,Accessories,97,South Carolina,XL,Cyan,Summer,4.6,Yes,Next Day Air,Yes,Yes,26.0,Bank Transfer,Annually,2023-10,2023-10,High,High,High
574.0,0317f1c0995643ad222ccf3ad5e48b14,purchase,2023-11-01 10:00:00.000000,574.0,574,58.0,Male,Pants,Clothing,68,California,M,Charcoal,Summer,3.2,Yes,2-Day Shipping,Yes,Yes,23.0,Credit Card,Bi-Weekly,2023-11,2023-11,Medium,Medium,Medium
575.0,24f9f7e193c6571e7b597bdf79ad7504,view,2023-12-01 10:00:00.000000,575.0,575,54.0,Male,Sneakers,Footwear,79,Maine,L,Red,Fall,4.8,Yes,Free Shipping,Yes,Yes,20.0,Bank Transfer,Bi-Weekly,2023-12,2023-12,High,High,High
588.0,ab5b28d061997722e77ec3a24b90ee17,like,2023-10-10 08:00:00.000000,588.0,588,29.0,Male,Socks,Clothing,86,Washington,S,Maroon,Fall,4.2,Yes,Express,Yes,Yes,48.0,Debit Card,Every 3 Months,2023-10,2023-10,High,High,High
589.0,d2b917cd9fbe4a9e80a6b8586d6d5204,like,2023-11-10 08:00:00.000000,589.0,589,47.0,Male,Boots,Footwear,60,South Dakota,M,Violet,Fall,3.0,Yes,Standard,Yes,Yes,9.0,Debit Card,Quarterly,2023-11,2023-11,Medium,Medium,Medium
590.0,6f97293a7ce6f78a3eaaf6eaaa3ea3d4,purchase,2023-12-10 08:00:00.000000,590.0,590,28.0,Male,Shirt,Clothing,70,Minnesota,M,Orange,Fall,3.4,Yes,2-Day Shipping,Yes,Yes,40.0,PayPal,Annually,2023-12,2023-12,Medium,Medium,Medium
610.0,38ef557fcd34dd8be43120efebd0629f,like,2023-01-11 08:00:00.000000,610.0,610,51.0,Male,Sweater,Clothing,54,Ohio,L,Purple,Fall,4.6,Yes,Next Day Air,Yes,Yes,49.0,Credit Card,Fortnightly,2023-01,2023-01,Medium,Medium,Medium
611.0,e2068e3b6d8566f0f4a175c26b65db3e,view,2023-02-11 08:00:00.000000,611.0,611,53.0,Male,Shorts,Clothing,72,Oklahoma,M,Charcoal,Summer,2.5,Yes,Free Shipping,Yes,Yes,27.0,Bank Transfer,Every 3 Months,2023-02,2023-02,Medium,Medium,Medium
612.0,406ce50d5ea33c0ad82f787f2697cc30,like,2023-03-11 08:00:00.000000,612.0,612,43.0,Male,Scarf,Accessories,33,California,M,Black,Winter,4.7,Yes,Store Pickup,Yes,Yes,19.0,Cash,Monthly,2023-03,2023-03,Low,Low,Low
613.0,46df1381b7dccff517a272bdb4b727e5,like,2023-04-11 08:00:00.000000,613.0,613,67.0,Male,Hat,Accessories,43,New Hampshire,L,Lavender,Fall,4.6,Yes,Express,Yes,Yes,33.0,Credit Card,Quarterly,2023-04,2023-04,Low,Low,Low
614.0,5bef396827c8a7d0b2e1d0bdd698002b,purchase,2023-05-11 08:00:00.000000,614.0,614,61.0,Male,Coat,Outerwear,51,Pennsylvania,L,Lavender,Fall,2.6,Yes,Standard,Yes,Yes,46.0,Cash,Bi-Weekly,2023-05,2023-05,Medium,Medium,Medium
615.0,5caaf089f37595fdc5333946fcd0c56e,view,2023-06-11 08:00:00.000000,615.0,615,68.0,Male,Jewelry,Accessories,85,Idaho,M,Lavender,Winter,4.0,Yes,Standard,Yes,Yes,21.0,Credit Card,Bi-Weekly,2023-06,2023-06,High,High,High
616.0,9ba26b43016cba318f40cccb1a816d47,like,2023-07-11 08:00:00.000000,616.0,616,67.0,Male,Sandals,Footwear,100,Maryland,L,Olive,Summer,2.6,Yes,Next Day Air,Yes,Yes,23.0,Venmo,Annually,2023-07,2023-07,High,High,High
617.0,ce8029f5d8f4a4e0f99ae6187fae74b5,purchase,2023-08-11 08:00:00.000000,617.0,617,29.0,Male,Gloves,Accessories,72,Pennsylvania,L,Teal,Spring,4.6,Yes,Free Shipping,Yes,Yes,38.0,Credit Card,Every 3 Months,2023-08,2023-08,Medium,Medium,Medium
618.0,719f2de9289b1fc7e6d90ac50bdddc23,purchase,2023-09-11 08:00:00.000000,618.0,618,50.0,Male,Backpack,Accessories,57,Colorado,M,Maroon,Fall,2.6,Yes,Standard,Yes,Yes,2.0,Bank Transfer,Quarterly,2023-09,2023-09,Medium,Medium,Medium
619.0,75cee6637016dcdc96260946913551b1,view,2023-10-11 08:00:00.000000,619.0,619,61.0,Male,Jacket,Outerwear,94,Indiana,L,Cyan,Spring,4.0,Yes,Express,Yes,Yes,21.0,Debit Card,Bi-Weekly,2023-10,2023-10,High,High,High
620.0,0a369def7c5324420c12d74ee0bb0b1c,like,2023-11-11 08:00:00.000000,620.0,620,19.0,Male,Backpack,Accessories,34,Nebraska,M,Charcoal,Summer,4.6,Yes,Store Pickup,Yes,Yes,1.0,Debit Card,Every 3 Months,2023-11,2023-11,Low,Low,Low
621.0,8d78447af25f8b12fa76ad2617898627,view,2023-12-11 08:00:00.000000,621.0,621,33.0,Male,Backpack,Accessories,89,Rhode Island,M,Black,Fall,3.7,Yes,2-Day Shipping,Yes,Yes,10.0,Venmo,Every 3 Months,2023-12,2023-12,High,High,High
640.0,2e294ff92299c1a5a4de339e01d213e7,view,2023-01-12 08:00:00.000000,640.0,640,54.0,Male,Dress,Clothing,24,Mississippi,L,Olive,Spring,4.0,Yes,2-Day Shipping,Yes,Yes,50.0,Credit Card,Annually,2023-01,2023-01,Low,Low,Low
641.0,7d628ba3b390414d16da7a2b9029801e,like,2023-02-12 08:00:00.000000,641.0,641,53.0,Male,Skirt,Clothing,88,Minnesota,M,Gray,Summer,4.4,Yes,Store Pickup,Yes,Yes,28.0,Debit Card,Fortnightly,2023-02,2023-02,High,High,High
642.0,870b1970e9328e5123a78fe4e4417e79,purchase,2023-03-12 08:00:00.000000,642.0,642,47.0,Male,Blouse,Clothing,78,Alaska,M,Red,Winter,3.9,Yes,2-Day Shipping,Yes,Yes,23.0,Credit Card,Every 3 Months,2023-03,2023-03,High,High,High
643.0,198651a0f2df856435f4e7401d2329ca,purchase,2023-04-12 08:00:00.000000,643.0,643,64.0,Male,Skirt,Clothing,25,Arkansas,L,Red,Spring,2.8,Yes,2-Day Shipping,Yes,Yes,14.0,Debit Card,Bi-Weekly,2023-04,2023-04,Low,Low,Low
644.0,187dcf4510d85b0035b8e2a428228126,view,2023-05-12 08:00:00.000000,644.0,644,18.0,Male,Sweater,Clothing,57,Oregon,XL,Green,Winter,3.2,Yes,Next Day Air,Yes,Yes,10.0,Bank Transfer,Every 3 Months,2023-05,2023-05,Medium,Medium,Medium
645.0,716d4aadb5afd2f2c7adee9add863c03,like,2023-06-12 08:00:00.000000,645.0,645,68.0,Male,Backpack,Accessories,93,Louisiana,S,Blue,Summer,4.3,Yes,Next Day Air,Yes,Yes,37.0,Cash,Weekly,2023-06,2023-06,High,High,High
646.0,0b0fc61bd7c7471f4f10bb3f64f3cd81,view,2023-07-12 08:00:00.000000,646.0,646,62.0,Male,Hoodie,Clothing,42,Oklahoma,S,Purple,Summer,4.2,Yes,Express,Yes,Yes,15.0,Venmo,Bi-Weekly,2023-07,2023-07,Low,Low,Low
647.0,87fab8bbe3e8f7ae3f57816abfd588c8,like,2023-08-12 08:00:00.000000,647.0,647,51.0,Male,Boots,Footwear,54,Indiana,XL,Pink,Spring,4.9,Yes,Standard,Yes,Yes,19.0,Venmo,Bi-Weekly,2023-08,2023-08,Medium,Medium,Medium
648.0,ec10c55bf1e07fad674423fac911c1c8,like,2023-09-12 08:00:00.000000,648.0,648,54.0,Male,Blouse,Clothing,70,Mississippi,XL,Charcoal,Summer,3.7,Yes,Express,Yes,Yes,23.0,Credit Card,Fortnightly,2023-09,2023-09,Medium,Medium,Medium
649.0,2ccf4867d742a3664af73b6875bb3453,purchase,2023-10-12 08:00:00.000000,649.0,649,22.0,Male,Hoodie,Clothing,31,Michigan,M,Brown,Winter,4.1,Yes,Store Pickup,Yes,Yes,35.0,Credit Card,Weekly,2023-10,2023-10,Low,Low,Low
650.0,8b2831c6c51d3ea6da51024c8a40debc,view,2023-11-12 08:00:00.000000,650.0,650,53.0,Male,Pants,Clothing,93,Delaware,L,Orange,Spring,4.2,Yes,Store Pickup,Yes,Yes,33.0,PayPal,Every 3 Months,2023-11,2023-11,High,High,High
651.0,df8c036ec8d40e702e853121ca734208,like,2023-12-12 08:00:00.000000,651.0,651,34.0,Male,Gloves,Accessories,40,Florida,M,Magenta,Spring,3.9,Yes,Next Day Air,Yes,Yes,12.0,Bank Transfer,Annually,2023-12,2023-12,Low,Low,Low
668.0,d83623d6a0d8941b89563920247983cb,like,2023-01-01 00:00:00.000000,668.0,668,34.0,Male,Sunglasses,Accessories,76,Arizona,S,Blue,Winter,2.6,Yes,Standard,Yes,Yes,32.0,Bank Transfer,Quarterly,2023-01,2023-01,High,High,High
673.0,2608efa986e111813714a43dba24b085,purchase,2023-01-01 10:00:00.000000,673.0,673,59.0,Male,Socks,Clothing,53,Washington,M,Peach,Winter,3.3,Yes,2-Day Shipping,Yes,Yes,29.0,Cash,Quarterly,2023-01,2023-01,Medium,Medium,Medium
674.0,36430ef76cf85e430e011f812efd3b08,view,2023-02-01 10:00:00.000000,674.0,674,35.0,Male,Shirt,Clothing,66,Oklahoma,M,Indigo,Spring,4.2,Yes,Free Shipping,Yes,Yes,27.0,Venmo,Bi-Weekly,2023-02,2023-02,Medium,Medium,Medium
675.0,6dd7d8c3f54ea1ed9ad958f757a2e665,like,2023-03-01 10:00:00.000000,675.0,675,48.0,Male,Jewelry,Accessories,33,Washington,XL,Beige,Winter,4.7,Yes,Store Pickup,Yes,Yes,36.0,Bank Transfer,Annually,2023-03,2023-03,Low,Low,Low
676.0,3d29276bb43bb483cb809d422ba0d277,view,2023-04-01 10:00:00.000000,676.0,676,64.0,Male,Sunglasses,Accessories,86,Arkansas,M,Yellow,Spring,2.6,Yes,2-Day Shipping,Yes,Yes,9.0,Cash,Annually,2023-04,2023-04,High,High,High
677.0,a1829996fafee6780511930213f123d9,like,2023-05-01 10:00:00.000000,677.0,677,28.0,Male,Pants,Clothing,60,Connecticut,M,Peach,Winter,2.9,Yes,2-Day Shipping,Yes,Yes,38.0,Venmo,Bi-Weekly,2023-05,2023-05,Medium,Medium,Medium
678.0,effc3e452591be81ccd4bd8297048668,like,2023-06-01 10:00:00.000000,678.0,678,60.0,Male,Socks,Clothing,62,Washington,S,Turquoise,Summer,2.7,Yes,Express,Yes,Yes,41.0,PayPal,Annually,2023-06,2023-06,Medium,Medium,Medium
679.0,918686ea87ed7c9435159b21afa19b1f,purchase,2023-07-01 10:00:00.000000,679.0,679,27.0,Male,Blouse,Clothing,74,Maine,M,Teal,Fall,3.3,Yes,Store Pickup,Yes,Yes,25.0,Debit Card,Every 3 Months,2023-07,2023-07,High,High,High
680.0,f573cfc50335ce96b33e93e26399ef08,view,2023-08-01 10:00:00.000000,680.0,680,56.0,Male,Sandals,Footwear,95,Michigan,M,Turquoise,Fall,3.4,Yes,Express,Yes,Yes,37.0,Venmo,Fortnightly,2023-08,2023-08,High,High,High
681.0,ae52ba51dba91bcbe1b2a4815903c40a,like,2023-09-01 10:00:00.000000,681.0,681,58.0,Male,Sneakers,Footwear,25,Tennessee,M,Magenta,Spring,4.2,Yes,Express,Yes,Yes,3.0,PayPal,Annually,2023-09,2023-09,Low,Low,Low
682.0,5d8ef640219042434eb95d1e723d51e0,purchase,2023-10-01 10:00:00.000000,682.0,682,30.0,Male,Shirt,Clothing,59,Louisiana,XL,Purple,Winter,3.8,Yes,2-Day Shipping,Yes,Yes,24.0,Credit Card,Every 3 Months,2023-10,2023-10,Medium,Medium,Medium
683.0,6553b6b4f5a7e87832ee5c7dd64ed098,purchase,2023-11-01 10:00:00.000000,683.0,683,23.0,Male,Jacket,Outerwear,29,Missouri,M,Brown,Summer,4.0,Yes,Standard,Yes,Yes,49.0,Credit Card,Bi-Weekly,2023-11,2023-11,Low,Low,Low
684.0,e0d9c3e07e03c73824e04bdd598f9004,view,2023-12-01 10:00:00.000000,684.0,684,33.0,Male,Sandals,Footwear,36,Michigan,S,Violet,Winter,2.7,Yes,Free Shipping,Yes,Yes,3.0,Bank Transfer,Monthly,2023-12,2023-12,Low,Low,Low
690.0,21c508ae798e06a19964145d278a48d7,view,2023-10-10 08:00:00.000000,690.0,690,19.0,Male,Hoodie,Clothing,91,Pennsylvania,M,Orange,Summer,4.7,Yes,Express,Yes,Yes,35.0,Credit Card,Every 3 Months,2023-10,2023-10,High,High,High
691.0,95c8b9f143733178d64a46b162b4a1ab,like,2023-11-10 08:00:00.000000,691.0,691,25.0,Male,Shorts,Clothing,68,Alaska,XL,Red,Spring,4.8,Yes,Standard,Yes,Yes,45.0,Bank Transfer,Weekly,2023-11,2023-11,Medium,Medium,Medium
692.0,7d456d8ab59114a291d759a236e88dff,like,2023-12-10 08:00:00.000000,692.0,692,60.0,Male,Backpack,Accessories,21,Massachusetts,L,Silver,Summer,2.9,Yes,Standard,Yes,Yes,37.0,PayPal,Bi-Weekly,2023-12,2023-12,Low,Low,Low
712.0,290b4c3bff96e538e6d0750c7656cda8,like,2023-01-11 08:00:00.000000,712.0,712,64.0,Male,Boots,Footwear,60,New Hampshire,M,Maroon,Spring,3.5,Yes,2-Day Shipping,Yes,Yes,13.0,Bank Transfer,Bi-Weekly,2023-01,2023-01,Medium,Medium,Medium
713.0,68e0097b8cfb244218c2d73898686033,purchase,2023-02-11 08:00:00.000000,713.0,713,42.0,Male,Blouse,Clothing,81,New Hampshire,XL,Black,Summer,3.8,Yes,Next Day Air,Yes,Yes,36.0,Bank Transfer,Quarterly,2023-02,2023-02,High,High,High
714.0,5a709427823bb1f3af9826484720b689,view,2023-03-11 08:00:00.000000,714.0,714,37.0,Male,Hoodie,Clothing,90,Oregon,M,Lavender,Summer,2.6,Yes,Express,Yes,Yes,39.0,Bank Transfer,Bi-Weekly,2023-03,2023-03,High,High,High
715.0,dce35ecf2cbbc21cf2ecb80a5d1bd25b,like,2023-04-11 08:00:00.000000,715.0,715,26.0,Male,Jacket,Outerwear,70,South Dakota,M,Magenta,Fall,4.4,Yes,Store Pickup,Yes,Yes,40.0,Debit Card,Fortnightly,2023-04,2023-04,Medium,Medium,Medium
716.0,191f6783c92e290843244190c68029dd,purchase,2023-05-11 08:00:00.000000,716.0,716,33.0,Male,Jeans,Clothing,63,Delaware,L,Green,Spring,2.6,Yes,Express,Yes,Yes,37.0,Debit Card,Quarterly,2023-05,2023-05,Medium,Medium,Medium
717.0,1f0b63f41d6e271f170dd1372f6b3032,purchase,2023-06-11 08:00:00.000000,717.0,717,30.0,Male,Jewelry,Accessories,29,Missouri,M,Olive,Spring,3.6,Yes,Express,Yes,Yes,9.0,Venmo,Bi-Weekly,2023-06,2023-06,Low,Low,Low
718.0,f01417fb4287bb0adfb13da1b5988497,view,2023-07-11 08:00:00.000000,718.0,718,21.0,Male,Socks,Clothing,90,Alaska,L,Green,Spring,4.2,Yes,Express,Yes,Yes,7.0,Venmo,Every 3 Months,2023-07,2023-07,High,High,High
719.0,476671763094f8a5bc21d588b68e585d,like,2023-08-11 08:00:00.000000,719.0,719,22.0,Male,Shirt,Clothing,22,Florida,M,Peach,Summer,4.6,Yes,Standard,Yes,Yes,25.0,Bank Transfer,Annually,2023-08,2023-08,Low,Low,Low
720.0,b590c8d153fcec83cc12c13573f1024d,view,2023-09-11 08:00:00.000000,720.0,720,63.0,Male,Shorts,Clothing,22,Mississippi,L,Turquoise,Summer,3.3,Yes,Next Day Air,Yes,Yes,42.0,Venmo,Bi-Weekly,2023-09,2023-09,Low,Low,Low
721.0,52c48f7082449357eb79cf7973647185,like,2023-10-11 08:00:00.000000,721.0,721,33.0,Male,Jewelry,Accessories,62,New Mexico,L,Orange,Fall,3.4,Yes,Free Shipping,Yes,Yes,19.0,Debit Card,Weekly,2023-10,2023-10,Medium,Medium,Medium
722.0,7d7a33fa1a0fec4f9f21ffab09abb7fb,like,2023-11-11 08:00:00.000000,722.0,722,43.0,Male,Blouse,Clothing,57,California,L,Silver,Summer,4.4,Yes,Next Day Air,Yes,Yes,41.0,Debit Card,Every 3 Months,2023-11,2023-11,Medium,Medium,Medium
723.0,29374067636efcdbfdb23dfa689f7a2d,purchase,2023-12-11 08:00:00.000000,723.0,723,27.0,Male,Sweater,Clothing,32,Wyoming,S,Blue,Summer,4.3,Yes,Store Pickup,Yes,Yes,50.0,Cash,Bi-Weekly,2023-12,2023-12,Low,Low,Low
742.0,4b3004d478df7f1f4428cf2ad430f6df,view,2023-01-12 08:00:00.000000,742.0,742,22.0,Male,T-shirt,Clothing,79,West Virginia,XL,Yellow,Summer,4.7,Yes,Free Shipping,Yes,Yes,23.0,Bank Transfer,Every 3 Months,2023-01,2023-01,High,High,High
743.0,e95846a4397cd254e4aab9fcb7b01618,like,2023-02-12 08:00:00.000000,743.0,743,64.0,Male,Pants,Clothing,39,Nevada,M,Charcoal,Summer,3.1,Yes,Express,Yes,Yes,21.0,Debit Card,Quarterly,2023-02,2023-02,Low,Low,Low
744.0,064737e60f15ace354b84578f8a02991,like,2023-03-12 08:00:00.000000,744.0,744,21.0,Male,Sunglasses,Accessories,84,North Carolina,L,Gray,Fall,4.9,Yes,Free Shipping,Yes,Yes,36.0,Cash,Weekly,2023-03,2023-03,High,High,High
745.0,749f036e6fe60769791e0dac36d2f680,purchase,2023-04-12 08:00:00.000000,745.0,745,67.0,Male,Boots,Footwear,66,Illinois,S,Charcoal,Spring,4.1,Yes,Next Day Air,Yes,Yes,42.0,Debit Card,Bi-Weekly,2023-04,2023-04,Medium,Medium,Medium
746.0,99b96009653e0b49d152607cca9b1a24,view,2023-05-12 08:00:00.000000,746.0,746,46.0,Male,T-shirt,Clothing,92,Michigan,L,Orange,Fall,4.7,Yes,Standard,Yes,Yes,4.0,Venmo,Monthly,2023-05,2023-05,High,High,High
747.0,5a5379ceb12c4f1f339220b96048ad26,like,2023-06-12 08:00:00.000000,747.0,747,40.0,Male,Sandals,Footwear,45,Michigan,M,Red,Winter,2.5,Yes,Free Shipping,Yes,Yes,47.0,Credit Card,Annually,2023-06,2023-06,Medium,Medium,Medium
748.0,57cf282b5587d3f2f809283c4cc78779,purchase,2023-07-12 08:00:00.000000,748.0,748,51.0,Male,Shorts,Clothing,74,Oklahoma,L,Gold,Spring,4.4,Yes,Next Day Air,Yes,Yes,13.0,Bank Transfer,Weekly,2023-07,2023-07,High,High,High
749.0,1722dc7993e15fa6e2007b898df1a1ae,purchase,2023-08-12 08:00:00.000000,749.0,749,35.0,Male,Hat,Accessories,39,South Dakota,L,Brown,Fall,3.9,Yes,Free Shipping,Yes,Yes,8.0,Bank Transfer,Quarterly,2023-08,2023-08,Low,Low,Low
750.0,87cb5ff4ce251243c3e842d85ec61ffc,view,2023-09-12 08:00:00.000000,750.0,750,56.0,Male,Scarf,Accessories,71,Oklahoma,M,Olive,Winter,3.7,Yes,Standard,Yes,Yes,11.0,Debit Card,Quarterly,2023-09,2023-09,Medium,Medium,Medium
751.0,48f80efb1aa09922d99160c45c00e585,like,2023-10-12 08:00:00.000000,751.0,751,25.0,Male,T-shirt,Clothing,95,Maryland,L,Violet,Fall,3.4,Yes,Free Shipping,Yes,Yes,5.0,Venmo,Annually,2023-10,2023-10,High,High,High
752.0,53b6b078c28b1df9e9d1b011798e5b8e,view,2023-11-12 08:00:00.000000,752.0,752,65.0,Male,Gloves,Accessories,72,Ohio,L,Indigo,Fall,4.8,Yes,Free Shipping,Yes,Yes,1.0,Credit Card,Monthly,2023-11,2023-11,Medium,Medium,Medium
753.0,10bf8fbf6cf77f4f2451d0e5863082cf,like,2023-12-12 08:00:00.000000,753.0,753,39.0,Male,Scarf,Accessories,85,Ohio,L,Yellow,Fall,4.2,Yes,2-Day Shipping,Yes,Yes,17.0,PayPal,Every 3 Months,2023-12,2023-12,High,High,High
770.0,02219a2cea8568b829119faeb89a018a,purchase,2023-01-01 00:00:00.000000,770.0,770,52.0,Male,Socks,Clothing,100,Delaware,M,Silver,Spring,4.3,Yes,Store Pickup,Yes,Yes,8.0,PayPal,Monthly,2023-01,2023-01,High,High,High
775.0,785489ade16c9c888af9d6c1ca38bc3c,view,2023-01-01 10:00:00.000000,775.0,775,42.0,Male,Hat,Accessories,46,Nevada,M,Yellow,Summer,3.5,Yes,Standard,Yes,Yes,11.0,Credit Card,Quarterly,2023-01,2023-01,Medium,Medium,Medium
776.0,fd2e06578a3e59f066c0d5241a44d1a7,like,2023-02-01 10:00:00.000000,776.0,776,49.0,Male,Handbag,Accessories,53,Kentucky,S,Gold,Winter,3.0,Yes,Store Pickup,Yes,Yes,8.0,PayPal,Monthly,2023-02,2023-02,Medium,Medium,Medium
777.0,ef6471dac1a966d77b075669f1c4dc57,view,2023-03-01 10:00:00.000000,777.0,777,49.0,Male,Shirt,Clothing,60,Alabama,M,Maroon,Spring,5.0,Yes,Standard,Yes,Yes,8.0,Venmo,Every 3 Months,2023-03,2023-03,Medium,Medium,Medium
778.0,80f6d3aa1ef6dfb71eca87ab3407b870,like,2023-04-01 10:00:00.000000,778.0,778,55.0,Male,Socks,Clothing,32,Wyoming,XL,Silver,Spring,2.5,Yes,Express,Yes,Yes,37.0,Venmo,Weekly,2023-04,2023-04,Low,Low,Low
779.0,0f360728a5a4b8374722b472a97fbe70,purchase,2023-05-01 10:00:00.000000,779.0,779,29.0,Male,Socks,Clothing,50,Massachusetts,M,Yellow,Summer,2.9,Yes,Store Pickup,Yes,Yes,23.0,Debit Card,Annually,2023-05,2023-05,Medium,Medium,Medium
780.0,7dccc6873676382e599b51ab9ad9b508,view,2023-10-10 08:00:00.000000,780.0,780,60.0,Male,Dress,Clothing,94,Utah,M,Blue,Spring,4.6,Yes,Express,Yes,Yes,38.0,Cash,Annually,2023-10,2023-10,High,High,High
781.0,b502c36b512e6f0475b08c0b7ce1ba86,like,2023-11-10 08:00:00.000000,781.0,781,34.0,Male,Shoes,Footwear,26,New York,M,Turquoise,Spring,3.6,Yes,Free Shipping,Yes,Yes,38.0,Cash,Quarterly,2023-11,2023-11,Low,Low,Low
782.0,81e9e84e9195ddf50756a3b02c0caf43,view,2023-12-10 08:00:00.000000,782.0,782,30.0,Male,Scarf,Accessories,44,Vermont,L,Indigo,Winter,3.0,Yes,Store Pickup,Yes,Yes,12.0,Credit Card,Fortnightly,2023-12,2023-12,Low,Low,Low
802.0,d35a70d338676470fb62dfa8936d791a,like,2023-01-11 08:00:00.000000,802.0,802,25.0,Male,Belt,Accessories,29,New Mexico,L,Blue,Fall,4.9,Yes,Express,Yes,Yes,12.0,Credit Card,Fortnightly,2023-01,2023-01,Low,Low,Low
803.0,74127b66edaeae96f9f8fb8e2128acf4,view,2023-02-11 08:00:00.000000,803.0,803,38.0,Male,Pants,Clothing,41,Delaware,M,Teal,Winter,3.5,Yes,Next Day Air,Yes,Yes,2.0,Bank Transfer,Weekly,2023-02,2023-02,Low,Low,Low
804.0,4c972f9d7df35c7c3c2fb3ef9f69b678,like,2023-03-11 08:00:00.000000,804.0,804,32.0,Male,Shorts,Clothing,38,Connecticut,L,Silver,Winter,2.8,Yes,Express,Yes,Yes,30.0,Venmo,Every 3 Months,2023-03,2023-03,Low,Low,Low
805.0,59db9b2b8b0bc67105a8fa2c958386db,like,2023-04-11 08:00:00.000000,805.0,805,43.0,Male,Boots,Footwear,47,Mississippi,M,Maroon,Summer,2.6,Yes,Store Pickup,Yes,Yes,28.0,Venmo,Quarterly,2023-04,2023-04,Medium,Medium,Medium
806.0,8286d7fb2639ff6e0d94f3a90ee64b0f,purchase,2023-05-11 08:00:00.000000,806.0,806,41.0,Male,Dress,Clothing,30,Connecticut,L,White,Summer,3.7,Yes,Next Day Air,Yes,Yes,40.0,Debit Card,Monthly,2023-05,2023-05,Low,Low,Low
807.0,71d82b41f2cf8ccb5e8af19b1c05ee90,view,2023-06-11 08:00:00.000000,807.0,807,56.0,Male,Jeans,Clothing,56,Florida,L,Charcoal,Summer,2.7,Yes,Standard,Yes,Yes,46.0,PayPal,Quarterly,2023-06,2023-06,Medium,Medium,Medium
808.0,648d5ddefcfe8ff7d727c11e48fae75e,like,2023-07-11 08:00:00.000000,808.0,808,27.0,Male,T-shirt,Clothing,89,New York,S,Brown,Winter,3.3,Yes,Express,Yes,Yes,15.0,Credit Card,Weekly,2023-07,2023-07,High,High,High
809.0,4dd473c291721eb18247991f22c25182,purchase,2023-08-11 08:00:00.000000,809.0,809,46.0,Male,Shoes,Footwear,96,Wisconsin,L,Lavender,Fall,4.6,Yes,Next Day Air,Yes,Yes,38.0,Cash,Every 3 Months,2023-08,2023-08,High,High,High
810.0,d2cbabf462a8910f4f7dd1e935599837,purchase,2023-09-11 08:00:00.000000,810.0,810,48.0,Male,Boots,Footwear,81,South Carolina,M,Violet,Fall,4.9,Yes,Next Day Air,Yes,Yes,30.0,PayPal,Bi-Weekly,2023-09,2023-09,High,High,High
811.0,a4030fa428f31ae61e3889892bb98d45,purchase,2023-10-11 08:00:00.000000,811.0,811,52.0,Male,Scarf,Accessories,83,South Dakota,S,Lavender,Fall,4.9,Yes,Store Pickup,Yes,Yes,32.0,Debit Card,Bi-Weekly,2023-10,2023-10,High,High,High
812.0,0a76a714aa0033d736d7aa7dc1885f04,view,2023-11-11 08:00:00.000000,812.0,812,18.0,Male,Sneakers,Footwear,35,Illinois,M,Green,Winter,2.7,Yes,Free Shipping,Yes,Yes,36.0,Venmo,Quarterly,2023-11,2023-11,Low,Low,Low
813.0,fd3dfed13bd546c46511b27a90daee9d,like,2023-12-11 08:00:00.000000,813.0,813,64.0,Male,Boots,Footwear,56,Alaska,M,Olive,Summer,3.2,Yes,Standard,Yes,Yes,32.0,Credit Card,Weekly,2023-12,2023-12,Medium,Medium,Medium
832.0,07f3f6efbdf1f4fa6a63d8253a98d9c2,view,2023-01-12 08:00:00.000000,832.0,832,66.0,Male,Gloves,Accessories,63,Washington,M,Red,Summer,4.3,Yes,Express,Yes,Yes,47.0,Cash,Every 3 Months,2023-01,2023-01,Medium,Medium,Medium
833.0,9b9d00d9ee98aff3945d9a43e0de844b,like,2023-02-12 08:00:00.000000,833.0,833,58.0,Male,Jacket,Outerwear,80,California,L,Blue,Fall,2.5,Yes,Express,Yes,Yes,28.0,Cash,Bi-Weekly,2023-02,2023-02,High,High,High
834.0,fca2e28eaa439c6c2f429e56e0d16252,view,2023-03-12 08:00:00.000000,834.0,834,43.0,Male,Handbag,Accessories,68,Oklahoma,M,Purple,Fall,3.5,Yes,Standard,Yes,Yes,11.0,Credit Card,Annually,2023-03,2023-03,Medium,Medium,Medium
835.0,916c6f6b8270d52bf52e815cb2150730,like,2023-04-12 08:00:00.000000,835.0,835,52.0,Male,Backpack,Accessories,89,Nevada,M,Indigo,Summer,3.1,Yes,Free Shipping,Yes,Yes,18.0,Credit Card,Weekly,2023-04,2023-04,High,High,High
836.0,1321610d2378ce43a3a3849a31904bec,like,2023-05-12 08:00:00.000000,836.0,836,35.0,Male,Boots,Footwear,26,Maryland,L,Indigo,Summer,2.5,Yes,Next Day Air,Yes,Yes,21.0,Debit Card,Weekly,2023-05,2023-05,Low,Low,Low
837.0,2864cd7f67cb38786b9075dac75095f9,purchase,2023-06-12 08:00:00.000000,837.0,837,23.0,Male,Gloves,Accessories,90,West Virginia,L,Violet,Winter,3.9,Yes,Store Pickup,Yes,Yes,22.0,Cash,Bi-Weekly,2023-06,2023-06,High,High,High
838.0,9690414703801430d2eb09234a6c0d34,view,2023-07-12 08:00:00.000000,838.0,838,25.0,Male,Hoodie,Clothing,28,Illinois,L,Brown,Spring,4.9,Yes,Express,Yes,Yes,33.0,Cash,Every 3 Months,2023-07,2023-07,Low,Low,Low
839.0,bec8f09c94841e39022edc4957120a1f,like,2023-08-12 08:00:00.000000,839.0,839,33.0,Male,Coat,Outerwear,29,Kentucky,M,Gray,Spring,4.3,Yes,Express,Yes,Yes,49.0,Credit Card,Annually,2023-08,2023-08,Low,Low,Low
840.0,265038f622f0d300f8b51ab47659b6d2,view,2023-09-12 08:00:00.000000,840.0,840,48.0,Male,Shirt,Clothing,31,Illinois,L,Teal,Spring,2.6,Yes,Free Shipping,Yes,Yes,10.0,Debit Card,Every 3 Months,2023-09,2023-09,Low,Low,Low
841.0,528eef766624a9d8647aae220782d7ba,like,2023-10-12 08:00:00.000000,841.0,841,42.0,Male,Shirt,Clothing,24,Alabama,L,Teal,Summer,4.2,Yes,2-Day Shipping,Yes,Yes,18.0,PayPal,Weekly,2023-10,2023-10,Low,Low,Low
842.0,27e8533c619e2c6514b37a16d042879a,like,2023-11-12 08:00:00.000000,842.0,842,55.0,Male,Sweater,Clothing,88,Texas,M,Beige,Summer,2.6,Yes,Store Pickup,Yes,Yes,28.0,PayPal,Fortnightly,2023-11,2023-11,High,High,High
843.0,9dd1e902152897761b0350482e730c77,purchase,2023-12-12 08:00:00.000000,843.0,843,59.0,Male,Shirt,Clothing,87,Missouri,M,Violet,Spring,3.6,Yes,Express,Yes,Yes,25.0,PayPal,Weekly,2023-12,2023-12,High,High,High
860.0,bc4b1284a25486a4e25cdfe77f23ec25,like,2023-01-01 00:00:00.000000,860.0,860,47.0,Male,Hoodie,Clothing,73,Wisconsin,M,Teal,Winter,4.0,Yes,Next Day Air,Yes,Yes,7.0,Debit Card,Monthly,2023-01,2023-01,Medium,Medium,Medium
865.0,bbdcf06ce9c516469c52de2296a340f2,view,2023-01-01 10:00:00.000000,865.0,865,51.0,Male,Jeans,Clothing,59,Kentucky,S,Charcoal,Winter,3.9,Yes,Next Day Air,Yes,Yes,5.0,PayPal,Annually,2023-01,2023-01,Medium,Medium,Medium
866.0,de676f54e914cc580fc8c5973e8fc0f0,like,2023-02-01 10:00:00.000000,866.0,866,64.0,Male,Blouse,Clothing,26,Colorado,L,Charcoal,Winter,4.8,Yes,Store Pickup,Yes,Yes,23.0,Venmo,Annually,2023-02,2023-02,Low,Low,Low
867.0,732d5c51f07d651b2072def656bd6093,purchase,2023-03-01 10:00:00.000000,867.0,867,67.0,Male,Sunglasses,Accessories,69,New Mexico,M,Lavender,Summer,2.7,Yes,Free Shipping,Yes,Yes,11.0,PayPal,Bi-Weekly,2023-03,2023-03,Medium,Medium,Medium
868.0,a061473e1b146bd8eae72570f3cfe8ff,purchase,2023-04-01 10:00:00.000000,868.0,868,37.0,Male,Jacket,Outerwear,20,Colorado,M,Turquoise,Spring,3.1,Yes,Free Shipping,Yes,Yes,23.0,Bank Transfer,Fortnightly,2023-04,2023-04,Low,Low,Low
869.0,b75a5c14b4d4c3c6a7b36a9754e54d14,view,2023-05-01 10:00:00.000000,869.0,869,40.0,Male,Dress,Clothing,83,North Carolina,M,Green,Summer,3.2,Yes,Next Day Air,Yes,Yes,2.0,Credit Card,Every 3 Months,2023-05,2023-05,High,High,High
870.0,b68ad9cbd748c66fd3811ccee19a91ef,like,2023-06-01 10:00:00.000000,870.0,870,38.0,Male,Hat,Accessories,54,New Hampshire,M,Silver,Spring,2.7,Yes,2-Day Shipping,Yes,Yes,33.0,PayPal,Weekly,2023-06,2023-06,Medium,Medium,Medium
871.0,dc1855caea4c65e837576f848cda1ef5,view,2023-07-01 10:00:00.000000,871.0,871,66.0,Male,Hoodie,Clothing,66,West Virginia,M,Blue,Fall,2.5,Yes,Standard,Yes,Yes,6.0,Bank Transfer,Bi-Weekly,2023-07,2023-07,Medium,Medium,Medium
872.0,9bbba85ef78707b297b609dea181b164,like,2023-08-01 10:00:00.000000,872.0,872,47.0,Male,Handbag,Accessories,42,Hawaii,M,Charcoal,Spring,2.6,Yes,Next Day Air,Yes,Yes,45.0,Debit Card,Quarterly,2023-08,2023-08,Low,Low,Low
873.0,624290f7a9ea32ac6d2e1e0c30bd36e0,like,2023-09-01 10:00:00.000000,873.0,873,56.0,Male,Jeans,Clothing,33,North Dakota,M,Pink,Spring,2.9,Yes,Standard,Yes,Yes,25.0,Cash,Quarterly,2023-09,2023-09,Low,Low,Low
874.0,ea5c9c223405080d4e865874e5397333,purchase,2023-10-01 10:00:00.000000,874.0,874,51.0,Male,Boots,Footwear,77,Mississippi,M,Pink,Summer,4.2,Yes,Free Shipping,Yes,Yes,24.0,Venmo,Quarterly,2023-10,2023-10,High,High,High
875.0,8109adf8e72fe439c4e78373cf4e7932,view,2023-10-10 08:00:00.000000,875.0,875,25.0,Male,Jacket,Outerwear,65,Maine,M,Magenta,Fall,4.4,Yes,Free Shipping,Yes,Yes,10.0,Venmo,Every 3 Months,2023-10,2023-10,Medium,Medium,Medium
876.0,514378d28d95b71ea2d446219b51a4c9,like,2023-11-10 08:00:00.000000,876.0,876,37.0,Male,Sandals,Footwear,39,North Dakota,L,Gray,Summer,4.1,Yes,Free Shipping,Yes,Yes,7.0,Bank Transfer,Every 3 Months,2023-11,2023-11,Low,Low,Low
877.0,470e493d0ce54ac8016c4eb2bb721512,purchase,2023-12-10 08:00:00.000000,877.0,877,41.0,Male,Belt,Accessories,51,Nebraska,L,Gray,Summer,3.8,Yes,2-Day Shipping,Yes,Yes,1.0,Debit Card,Weekly,2023-12,2023-12,Medium,Medium,Medium
897.0,d80f24a2d6d94055fa07a5f4ae81d7c8,purchase,2023-01-11 08:00:00.000000,897.0,897,69.0,Male,Jewelry,Accessories,29,Arkansas,M,Lavender,Spring,4.7,Yes,Express,Yes,Yes,38.0,Cash,Fortnightly,2023-01,2023-01,Low,Low,Low
898.0,f09303c4b66053940daf1858816445b8,purchase,2023-02-11 08:00:00.000000,898.0,898,29.0,Male,Shirt,Clothing,91,Illinois,M,Gray,Spring,3.4,Yes,Express,Yes,Yes,46.0,Venmo,Weekly,2023-02,2023-02,High,High,High
899.0,b3a3b18773657261a7fdf8c76a706d40,view,2023-03-11 08:00:00.000000,899.0,899,54.0,Male,Belt,Accessories,70,Nevada,L,Red,Spring,3.5,Yes,2-Day Shipping,Yes,Yes,19.0,Bank Transfer,Every 3 Months,2023-03,2023-03,Medium,Medium,Medium
900.0,e329aca09247a5959f1980d6ab66ad1c,like,2023-04-11 08:00:00.000000,900.0,900,65.0,Male,Sweater,Clothing,58,Rhode Island,M,Peach,Summer,4.0,Yes,Standard,Yes,Yes,20.0,PayPal,Annually,2023-04,2023-04,Medium,Medium,Medium
901.0,f2580bcf05694d26e1725bc11d1464ad,view,2023-05-11 08:00:00.000000,901.0,901,54.0,Male,Hat,Accessories,98,West Virginia,L,Gray,Fall,3.3,Yes,Free Shipping,Yes,Yes,42.0,Bank Transfer,Quarterly,2023-05,2023-05,High,High,High
902.0,ad4941365a53d21f8b7745fe4a7577d7,like,2023-06-11 08:00:00.000000,902.0,902,60.0,Male,Scarf,Accessories,68,Missouri,L,Violet,Summer,4.7,Yes,2-Day Shipping,Yes,Yes,34.0,Cash,Monthly,2023-06,2023-06,Medium,Medium,Medium
903.0,29b2140b891dfb955af3d84f27dd74f9,like,2023-07-11 08:00:00.000000,903.0,903,43.0,Male,Hat,Accessories,44,Kentucky,M,Beige,Summer,2.8,Yes,Next Day Air,Yes,Yes,5.0,Cash,Monthly,2023-07,2023-07,Low,Low,Low
904.0,adbb4cacfd5c3379a09226a880e7eae6,purchase,2023-08-11 08:00:00.000000,904.0,904,44.0,Male,Jacket,Outerwear,45,Washington,M,Blue,Winter,3.3,Yes,Express,Yes,Yes,3.0,PayPal,Quarterly,2023-08,2023-08,Medium,Medium,Medium
905.0,6b964629a56556fcffc1fd1a42d4affb,view,2023-09-11 08:00:00.000000,905.0,905,69.0,Male,T-shirt,Clothing,99,Alaska,L,Magenta,Spring,2.9,Yes,Free Shipping,Yes,Yes,46.0,PayPal,Every 3 Months,2023-09,2023-09,High,High,High
906.0,fd2f4edae2bb7032679995c48a596d76,like,2023-10-11 08:00:00.000000,906.0,906,46.0,Male,Dress,Clothing,68,Mississippi,S,Cyan,Spring,2.8,Yes,Standard,Yes,Yes,16.0,Venmo,Annually,2023-10,2023-10,Medium,Medium,Medium
907.0,6b29a73ef59f4495d1793780edd83a73,purchase,2023-11-11 08:00:00.000000,907.0,907,41.0,Male,Pants,Clothing,56,South Carolina,M,Red,Spring,4.2,Yes,Standard,Yes,Yes,21.0,Debit Card,Bi-Weekly,2023-11,2023-11,Medium,Medium,Medium
908.0,86927a1ecbd562febed68a268ef24e9e,,2023-12-11 08:00:00.000000,908.0,908,32.0,Male,Sweater,Clothing,43,Missouri,L,Cyan,Winter,4.4,Yes,Express,Yes,Yes,34.0,Credit Card,Bi-Weekly,2023-12,2023-12,Low,Low,Low
927.0,2a2a6a9acff5cdd4e82c4c31771f04fe,,2023-01-12 08:00:00.000000,927.0,927,54.0,Male,Jeans,Clothing,63,Massachusetts,XL,Green,Spring,4.4,Yes,Express,Yes,Yes,11.0,Cash,Bi-Weekly,2023-01,2023-01,Medium,Medium,Medium
928.0,ec112ba6c4af4643995e8cdb4335d8ab,,2023-02-12 08:00:00.000000,928.0,928,28.0,Male,Sneakers,Footwear,78,New Mexico,L,Black,Summer,4.4,Yes,Standard,Yes,Yes,8.0,Venmo,Bi-Weekly,2023-02,2023-02,High,High,High
929.0,0fb96877db60e45d40ce700526c786c6,,2023-03-12 08:00:00.000000,929.0,929,67.0,Male,Dress,Clothing,37,Arkansas,XL,Yellow,Winter,3.4,Yes,Store Pickup,Yes,Yes,31.0,Cash,Every 3 Months,2023-03,2023-03,Low,Low,Low
930.0,a8dcc79a0625ab0d8176407b5d7a329b,,2023-04-12 08:00:00.000000,930.0,930,59.0,Male,Boots,Footwear,94,Nebraska,M,White,Fall,4.5,Yes,2-Day Shipping,Yes,Yes,26.0,Debit Card,Fortnightly,2023-04,2023-04,High,High,High
931.0,55de9481dbb7f18ccea36503c1bb2f41,,2023-05-12 08:00:00.000000,931.0,931,26.0,Male,T-shirt,Clothing,78,Hawaii,L,Green,Fall,4.5,Yes,Store Pickup,Yes,Yes,20.0,Credit Card,Bi-Weekly,2023-05,2023-05,High,High,High
932.0,761cb818a02a3c524f4ae77c66bbfb90,,2023-06-12 08:00:00.000000,932.0,932,24.0,Male,Coat,Outerwear,36,Nebraska,M,Silver,Winter,4.1,Yes,Standard,Yes,Yes,24.0,Bank Transfer,Fortnightly,2023-06,2023-06,Low,Low,Low
933.0,2680ec896638bb00301fffab3e441452,,2023-07-12 08:00:00.000000,933.0,933,62.0,Male,Skirt,Clothing,24,Indiana,L,Blue,Winter,3.2,Yes,Standard,Yes,Yes,45.0,Debit Card,Bi-Weekly,2023-07,2023-07,Low,Low,Low
934.0,2a3c2f9e43b57006f31a452981a4e083,,2023-08-12 08:00:00.000000,934.0,934,70.0,Male,Sneakers,Footwear,84,Colorado,M,Magenta,Spring,2.7,Yes,Store Pickup,Yes,Yes,33.0,Debit Card,Monthly,2023-08,2023-08,High,High,High
935.0,1ba407788b0feaa71b3a8d04f1fcd884,,2023-09-12 08:00:00.000000,935.0,935,45.0,Male,Jeans,Clothing,47,Oregon,S,Yellow,Spring,3.7,Yes,Express,Yes,Yes,21.0,Bank Transfer,Monthly,2023-09,2023-09,Medium,Medium,Medium
936.0,2a21d3c3c405543f61119cb127dc9e08,,2023-10-12 08:00:00.000000,936.0,936,58.0,Male,Hoodie,Clothing,51,Ohio,L,White,Fall,2.6,Yes,Store Pickup,Yes,Yes,2.0,Bank Transfer,Fortnightly,2023-10,2023-10,Medium,Medium,Medium
937.0,8d854df67a7d2cfcee3426051b26aa93,,2023-11-12 08:00:00.000000,937.0,937,31.0,Male,Shoes,Footwear,84,Maine,M,Pink,Summer,2.7,Yes,Free Shipping,Yes,Yes,28.0,Cash,Weekly,2023-11,2023-11,High,High,High
938.0,f9ad79da2a9539955b8223ce85e6268b,,2023-12-12 08:00:00.000000,938.0,938,32.0,Male,Shorts,Clothing,24,Iowa,M,Magenta,Summer,2.7,Yes,Express,Yes,Yes,18.0,Venmo,Quarterly,2023-12,2023-12,Low,Low,Low
955.0,c01ce799b6b0788692e41c525d392653,view,2023-01-01 00:00:00.000000,955.0,955,60.0,Male,Hat,Accessories,74,Louisiana,S,Turquoise,Fall,3.5,Yes,Standard,Yes,Yes,18.0,Credit Card,Every 3 Months,2023-01,2023-01,High,High,High
960.0,69ef7da047574d1bd7739339af1c868e,like,2023-01-01 10:00:00.000000,960.0,960,36.0,Male,Skirt,Clothing,99,Nevada,M,Cyan,Spring,2.6,Yes,Standard,Yes,Yes,12.0,Cash,Fortnightly,2023-01,2023-01,High,High,High
961.0,0ce877cd69fa9422f9ff3595e16a7f56,purchase,2023-02-01 10:00:00.000000,961.0,961,18.0,Male,Jewelry,Accessories,48,Louisiana,XL,Indigo,Spring,4.4,Yes,Standard,Yes,Yes,20.0,Venmo,Quarterly,2023-02,2023-02,Medium,Medium,Medium
962.0,64a23649bd8bfc3a220823ec8c73a2c5,purchase,2023-03-01 10:00:00.000000,962.0,962,62.0,Male,Boots,Footwear,72,Pennsylvania,L,Olive,Fall,3.7,Yes,Next Day Air,Yes,Yes,37.0,Debit Card,Quarterly,2023-03,2023-03,Medium,Medium,Medium
963.0,5f8ecad80795504ac2ce82f193cab483,view,2023-04-01 10:00:00.000000,963.0,963,29.0,Male,Sunglasses,Accessories,64,Michigan,L,Green,Spring,4.4,Yes,Standard,Yes,Yes,26.0,Debit Card,Fortnightly,2023-04,2023-04,Medium,Medium,Medium
964.0,905bdd162328836c97b5678f4bec3d99,like,2023-05-01 10:00:00.000000,964.0,964,21.0,Male,Boots,Footwear,63,South Carolina,L,Green,Spring,2.5,Yes,2-Day Shipping,Yes,Yes,14.0,Credit Card,Weekly,2023-05,2023-05,Medium,Medium,Medium
965.0,45b93b86b9e90c75587fe4719b9d043c,view,2023-06-01 10:00:00.000000,965.0,965,42.0,Male,Sandals,Footwear,51,Arizona,M,Beige,Spring,2.6,Yes,Next Day Air,Yes,Yes,12.0,Venmo,Bi-Weekly,2023-06,2023-06,Medium,Medium,Medium
966.0,7afbb7728b386f069ca24ecfdea13fdd,like,2023-07-01 10:00:00.000000,966.0,966,43.0,Male,Boots,Footwear,55,Delaware,L,Black,Spring,5.0,Yes,Store Pickup,Yes,Yes,10.0,Credit Card,Annually,2023-07,2023-07,Medium,Medium,Medium
967.0,6548d83873381e40960908ea1ba9e38b,like,2023-08-01 10:00:00.000000,967.0,967,58.0,Male,Dress,Clothing,55,Kentucky,M,Brown,Spring,4.9,Yes,Express,Yes,Yes,19.0,Cash,Annually,2023-08,2023-08,Medium,Medium,Medium
968.0,6525b7bae4e7c7a8387acd01f65865ef,purchase,2023-09-01 10:00:00.000000,968.0,968,27.0,Male,Hoodie,Clothing,26,Georgia,S,Silver,Summer,3.7,Yes,Store Pickup,Yes,Yes,4.0,Cash,Weekly,2023-09,2023-09,Low,Low,Low
969.0,3c13e2a052bcd67fb16315e8cf8de0ca,view,2023-10-01 10:00:00.000000,969.0,969,57.0,Male,Shorts,Clothing,67,North Carolina,L,Gray,Summer,3.1,Yes,Next Day Air,Yes,Yes,48.0,Bank Transfer,Quarterly,2023-10,2023-10,Medium,Medium,Medium
970.0,9e75025011222d326b1003974c8bf8ed,like,2023-11-01 10:00:00.000000,970.0,970,40.0,Male,Coat,Outerwear,31,California,S,Pink,Fall,3.2,Yes,Express,Yes,Yes,37.0,PayPal,Monthly,2023-11,2023-11,Low,Low,Low
971.0,d36766dad65a23944abc11a4c16b3577,purchase,2023-12-01 10:00:00.000000,971.0,971,45.0,Male,Jeans,Clothing,66,California,S,Maroon,Winter,4.4,Yes,Free Shipping,Yes,Yes,4.0,Cash,Monthly,2023-12,2023-12,Medium,Medium,Medium
984.0,efcc504ed1dcc1ffbcc7fa7251855cb5,like,2023-10-10 08:00:00.000000,984.0,984,24.0,Male,Hat,Accessories,45,New Mexico,L,Indigo,Winter,3.5,Yes,Free Shipping,Yes,Yes,40.0,Venmo,Bi-Weekly,2023-10,2023-10,Medium,Medium,Medium
985.0,25c4e5d0498a1ca443930f4e5270afcc,view,2023-11-10 08:00:00.000000,985.0,985,26.0,Male,Shoes,Footwear,78,Utah,M,Green,Summer,3.4,Yes,Free Shipping,Yes,Yes,8.0,Credit Card,Bi-Weekly,2023-11,2023-11,High,High,High
986.0,74261d996d7ba2d8d7338d9d5f444289,like,2023-12-10 08:00:00.000000,986.0,986,32.0,Male,Handbag,Accessories,80,West Virginia,M,Gray,Fall,5.0,Yes,Express,Yes,Yes,12.0,Bank Transfer,Annually,2023-12,2023-12,High,High,High
1006.0,d92c10e1df8112236639658d0c023cac,purchase,2023-01-11 08:00:00.000000,1006.0,1006,43.0,Male,Backpack,Accessories,94,New York,M,Gold,Winter,3.9,Yes,Store Pickup,Yes,Yes,5.0,Debit Card,Bi-Weekly,2023-01,2023-01,High,High,High
1007.0,8f01e7976aae046dc48ff5092428a0ff,view,2023-02-11 08:00:00.000000,1007.0,1007,21.0,Male,Pants,Clothing,83,Michigan,S,Lavender,Summer,4.5,Yes,Next Day Air,Yes,Yes,50.0,Venmo,Quarterly,2023-02,2023-02,High,High,High
1008.0,82ad27bd8ecc6afcfd757968441d10ed,like,2023-03-11 08:00:00.000000,1008.0,1008,58.0,Male,Gloves,Accessories,62,Georgia,XL,Turquoise,Spring,4.8,Yes,Standard,Yes,Yes,2.0,Credit Card,Annually,2023-03,2023-03,Medium,Medium,Medium
1009.0,d808b9e0e1079d606d0442bd572b2158,view,2023-04-11 08:00:00.000000,1009.0,1009,41.0,Male,Scarf,Accessories,85,New Mexico,M,Pink,Spring,2.6,Yes,Store Pickup,Yes,Yes,29.0,PayPal,Annually,2023-04,2023-04,High,High,High
1010.0,bd7e24b43ba8a763eb5fad81f7e6bd10,like,2023-05-11 08:00:00.000000,1010.0,1010,39.0,Male,Hoodie,Clothing,30,Louisiana,M,Silver,Summer,3.1,Yes,Express,Yes,Yes,11.0,Venmo,Annually,2023-05,2023-05,Low,Low,Low
1011.0,5d953e357d08badf591931b299d2065c,like,2023-06-11 08:00:00.000000,1011.0,1011,54.0,Male,Jeans,Clothing,24,South Dakota,XL,Gray,Spring,4.7,Yes,2-Day Shipping,Yes,Yes,37.0,Credit Card,Fortnightly,2023-06,2023-06,Low,Low,Low
1012.0,657263b44d454d69464a05466accbd36,purchase,2023-07-11 08:00:00.000000,1012.0,1012,43.0,Male,Backpack,Accessories,25,Montana,L,Indigo,Spring,2.9,Yes,Next Day Air,Yes,Yes,32.0,Debit Card,Fortnightly,2023-07,2023-07,Low,Low,Low
1013.0,9b291f6d163861135a4eb62025d7e0fe,view,2023-08-11 08:00:00.000000,1013.0,1013,28.0,Male,Sandals,Footwear,37,New Mexico,L,Teal,Summer,3.8,Yes,Express,Yes,Yes,27.0,Credit Card,Annually,2023-08,2023-08,Low,Low,Low
1014.0,e56450d6983d2f98c09f3b1a90d80655,like,2023-09-11 08:00:00.000000,1014.0,1014,59.0,Male,Belt,Accessories,69,South Carolina,XL,Green,Summer,3.8,Yes,2-Day Shipping,Yes,Yes,31.0,Venmo,Bi-Weekly,2023-09,2023-09,Medium,Medium,Medium
1015.0,574f90b64254afcd8a9f9a41eaf35932,purchase,2023-10-11 08:00:00.000000,1015.0,1015,28.0,Male,Shoes,Footwear,97,Ohio,M,Violet,Summer,3.0,Yes,Standard,Yes,Yes,36.0,Debit Card,Fortnightly,2023-10,2023-10,High,High,High
1016.0,50468ee6b737733333bc56801e5cb1fa,purchase,2023-11-11 08:00:00.000000,1016.0,1016,68.0,Male,Gloves,Accessories,24,North Carolina,M,Cyan,Summer,4.1,Yes,Standard,Yes,Yes,34.0,Cash,Weekly,2023-11,2023-11,Low,Low,Low
1017.0,b37741d6147848cf66c0890defaf8d9b,view,2023-12-11 08:00:00.000000,1017.0,1017,20.0,Male,Belt,Accessories,30,Idaho,XL,Blue,Summer,3.4,Yes,Express,Yes,Yes,15.0,Bank Transfer,Every 3 Months,2023-12,2023-12,Low,Low,Low
1027.0,6371a0d2d14f330805618ffca2fd6af3,view,2023-10-10 08:00:00.000000,1027.0,1027,49.0,Male,Handbag,Accessories,95,Virginia,L,Turquoise,Winter,3.0,Yes,Express,Yes,Yes,39.0,PayPal,Bi-Weekly,2023-10,2023-10,High,High,High
1028.0,40eb9e5884892edc35a550f651dd64f9,like,2023-11-10 08:00:00.000000,1028.0,1028,33.0,Male,Jewelry,Accessories,90,Ohio,L,Teal,Summer,2.8,Yes,Next Day Air,Yes,Yes,11.0,Cash,Monthly,2023-11,2023-11,High,High,High
1029.0,053fb8bb6198e59d77e1a9282ab93206,view,2023-12-10 08:00:00.000000,1029.0,1029,45.0,Male,Hoodie,Clothing,36,Nebraska,S,Lavender,Summer,3.7,Yes,Standard,Yes,Yes,4.0,Cash,Fortnightly,2023-12,2023-12,Low,Low,Low
1049.0,678fa9dbf757b6e6f6ef4bb103f9246b,view,2023-01-11 08:00:00.000000,1049.0,1049,30.0,Male,Socks,Clothing,77,Maine,L,Yellow,Fall,2.7,Yes,Standard,Yes,Yes,19.0,Venmo,Fortnightly,2023-01,2023-01,High,High,High
1050.0,d4b86f2b3d86e8565c26bbe97788febc,like,2023-02-11 08:00:00.000000,1050.0,1050,45.0,Male,Sunglasses,Accessories,33,Virginia,S,Purple,Fall,2.8,Yes,Store Pickup,Yes,Yes,24.0,Cash,Quarterly,2023-02,2023-02,Low,Low,Low
1051.0,010d1d7d0bbb5274883ed07392aec843,view,2023-03-11 08:00:00.000000,1051.0,1051,48.0,Male,Sneakers,Footwear,64,Florida,M,Beige,Winter,3.8,Yes,Next Day Air,Yes,Yes,19.0,Venmo,Monthly,2023-03,2023-03,Medium,Medium,Medium
1052.0,769323fa029a147edf63250f9c781d8c,like,2023-04-11 08:00:00.000000,1052.0,1052,45.0,Male,Socks,Clothing,53,Ohio,M,Indigo,Fall,2.6,Yes,Free Shipping,Yes,Yes,39.0,PayPal,Annually,2023-04,2023-04,Medium,Medium,Medium
1053.0,6cf1282b8b508508677082704233b036,like,2023-05-11 08:00:00.000000,1053.0,1053,60.0,Male,Shoes,Footwear,36,Virginia,XL,Pink,Fall,3.0,Yes,2-Day Shipping,Yes,Yes,1.0,Credit Card,Fortnightly,2023-05,2023-05,Low,Low,Low
1054.0,6747933790071803fb9a8230827a4072,purchase,2023-06-11 08:00:00.000000,1054.0,1054,59.0,Male,Blouse,Clothing,70,Kansas,M,Blue,Spring,3.3,No,2-Day Shipping,Yes,Yes,10.0,Debit Card,Bi-Weekly,2023-06,2023-06,Medium,Medium,Medium
1055.0,9226c5ffa79395e7d36695362781505c,view,2023-07-11 08:00:00.000000,1055.0,1055,18.0,Male,Shorts,Clothing,96,Arkansas,L,Cyan,Winter,4.9,No,Express,Yes,Yes,48.0,PayPal,Quarterly,2023-07,2023-07,High,High,High
1056.0,82673f21da0abffa6111157f956a7aa7,like,2023-08-11 08:00:00.000000,1056.0,1056,70.0,Male,Jacket,Outerwear,27,Massachusetts,M,Orange,Spring,3.3,No,Next Day Air,Yes,Yes,24.0,Debit Card,Annually,2023-08,2023-08,Low,Low,Low
1057.0,ed92fe448d217585fb2b8a8708e6d4ae,purchase,2023-09-11 08:00:00.000000,1057.0,1057,20.0,Male,Sweater,Clothing,64,Idaho,L,Black,Winter,2.9,No,2-Day Shipping,Yes,Yes,42.0,Venmo,Fortnightly,2023-09,2023-09,Medium,Medium,Medium
1058.0,96365e170717ef8fb3fd3de9ddc33ca1,purchase,2023-10-11 08:00:00.000000,1058.0,1058,65.0,Male,Jacket,Outerwear,23,Wisconsin,S,Maroon,Spring,4.4,No,2-Day Shipping,Yes,Yes,20.0,Credit Card,Weekly,2023-10,2023-10,Low,Low,Low
1059.0,79cc9db1a3c1eba1ed5fdb2130a16029,view,2023-11-11 08:00:00.000000,1059.0,1059,29.0,Male,Scarf,Accessories,33,New Mexico,L,Violet,Summer,3.1,No,Next Day Air,Yes,Yes,49.0,Bank Transfer,Every 3 Months,2023-11,2023-11,Low,Low,Low
1060.0,0110c0fd14e68fdd6eccb5a40427174b,like,2023-12-11 08:00:00.000000,1060.0,1060,22.0,Male,Jacket,Outerwear,34,North Carolina,M,Beige,Winter,2.5,No,Standard,Yes,Yes,25.0,Debit Card,Monthly,2023-12,2023-12,Low,Low,Low
1079.0,d0d2a73701667efc0f63245b443c2f59,purchase,2023-01-12 08:00:00.000000,1079.0,1079,37.0,Male,Sweater,Clothing,59,Arizona,M,Silver,Fall,4.4,No,Express,Yes,Yes,49.0,Credit Card,Fortnightly,2023-01,2023-01,Medium,Medium,Medium
1080.0,2260bf0a03bf94722ad3fdd7700a55c0,view,2023-02-12 08:00:00.000000,1080.0,1080,18.0,Male,Coat,Outerwear,33,Oklahoma,S,Blue,Summer,4.4,No,Free Shipping,Yes,Yes,48.0,Bank Transfer,Monthly,2023-02,2023-02,Low,Low,Low
1081.0,0e770be3b5077f89842e7f983413efe9,like,2023-03-12 08:00:00.000000,1081.0,1081,65.0,Male,Scarf,Accessories,59,Pennsylvania,L,Blue,Fall,3.8,No,Express,Yes,Yes,22.0,Cash,Every 3 Months,2023-03,2023-03,Medium,Medium,Medium
1082.0,ebb2f66fc821729f98e3397a7b7e7e5e,purchase,2023-04-12 08:00:00.000000,1082.0,1082,62.0,Male,Belt,Accessories,30,Idaho,XL,Brown,Spring,4.5,No,Standard,Yes,Yes,45.0,Credit Card,Annually,2023-04,2023-04,Low,Low,Low
1083.0,3a5c41de4f5bc3fcd804a90fbe0c4e1f,purchase,2023-05-12 08:00:00.000000,1083.0,1083,54.0,Male,Hat,Accessories,85,South Carolina,XL,Cyan,Winter,2.6,No,Next Day Air,Yes,Yes,30.0,Venmo,Quarterly,2023-05,2023-05,High,High,High
1084.0,eb061c5dfae7bbf450a1f0ea186f4b2c,view,2023-06-12 08:00:00.000000,1084.0,1084,35.0,Male,Backpack,Accessories,97,Washington,L,Teal,Summer,3.3,No,Store Pickup,Yes,Yes,43.0,Cash,Weekly,2023-06,2023-06,High,High,High
1085.0,e499f1b7e81a72d13b137a228d7246e9,like,2023-07-12 08:00:00.000000,1085.0,1085,34.0,Male,T-shirt,Clothing,36,Arkansas,S,Purple,Fall,4.1,No,Next Day Air,Yes,Yes,48.0,Cash,Quarterly,2023-07,2023-07,Low,Low,Low
1086.0,85171e194d6c72d813297d7f65c05f9f,view,2023-08-12 08:00:00.000000,1086.0,1086,25.0,Male,Jewelry,Accessories,85,Utah,M,Turquoise,Winter,3.0,No,Store Pickup,Yes,Yes,23.0,Venmo,Fortnightly,2023-08,2023-08,High,High,High
1087.0,81afec2bda22f6ff0d30be7ee617db24,like,2023-09-12 08:00:00.000000,1087.0,1087,53.0,Male,Sunglasses,Accessories,62,Alaska,M,Olive,Winter,3.0,No,Free Shipping,Yes,Yes,27.0,PayPal,Bi-Weekly,2023-09,2023-09,Medium,Medium,Medium
1088.0,971df20be949e8f7e191bcb71c3f36e3,purchase,2023-10-12 08:00:00.000000,1088.0,1088,45.0,Male,Jeans,Clothing,71,West Virginia,S,White,Winter,3.4,No,Next Day Air,Yes,Yes,7.0,Bank Transfer,Monthly,2023-10,2023-10,Medium,Medium,Medium
1089.0,51db76ac98b12e4324c0017b41f4f520,view,2023-11-12 08:00:00.000000,1089.0,1089,49.0,Male,Pants,Clothing,21,Louisiana,M,Turquoise,Winter,2.7,No,Free Shipping,Yes,Yes,2.0,PayPal,Weekly,2023-11,2023-11,Low,Low,Low
1090.0,c51085111424107dac2f501ad32bcc1c,like,2023-12-12 08:00:00.000000,1090.0,1090,40.0,Male,Backpack,Accessories,61,Arizona,M,Silver,Spring,3.8,No,Next Day Air,Yes,Yes,33.0,PayPal,Bi-Weekly,2023-12,2023-12,Medium,Medium,Medium
1107.0,ea4843790d62b0be06df2aa600318108,purchase,2023-01-01 00:00:00.000000,1107.0,1107,52.0,Male,Skirt,Clothing,96,Minnesota,L,Violet,Winter,3.6,No,Store Pickup,Yes,Yes,12.0,Venmo,Fortnightly,2023-01,2023-01,High,High,High
1112.0,d0bafb294fb5b20abf32100787cab99f,view,2023-01-01 10:00:00.000000,1112.0,1112,22.0,Male,Shoes,Footwear,66,New York,S,Olive,Summer,4.1,No,Next Day Air,Yes,Yes,4.0,Credit Card,Bi-Weekly,2023-01,2023-01,Medium,Medium,Medium
1113.0,4cbd5bd86ab2f21945ca289fc4c401d0,like,2023-02-01 10:00:00.000000,1113.0,1113,69.0,Male,Hoodie,Clothing,67,Washington,XL,Pink,Spring,4.6,No,Free Shipping,Yes,Yes,32.0,PayPal,Quarterly,2023-02,2023-02,Medium,Medium,Medium
1114.0,29a5ff612955c3e062b30846b57fb530,view,2023-03-01 10:00:00.000000,1114.0,1114,28.0,Male,Sunglasses,Accessories,80,Maryland,M,Purple,Summer,4.8,No,Next Day Air,Yes,Yes,11.0,PayPal,Bi-Weekly,2023-03,2023-03,High,High,High
1115.0,9c22583637da923cb05b83744c567883,like,2023-04-01 10:00:00.000000,1115.0,1115,55.0,Male,Skirt,Clothing,25,New Hampshire,L,Violet,Fall,2.6,No,Next Day Air,Yes,Yes,47.0,Bank Transfer,Every 3 Months,2023-04,2023-04,Low,Low,Low
1116.0,08d2f8442162b8d237f61e935a024b61,like,2023-05-01 10:00:00.000000,1116.0,1116,30.0,Male,Hat,Accessories,58,New York,S,Peach,Fall,4.0,No,2-Day Shipping,Yes,Yes,37.0,Cash,Weekly,2023-05,2023-05,Medium,Medium,Medium
1117.0,0b5d6c15d46bbfaf0b977d760e491525,purchase,2023-06-01 10:00:00.000000,1117.0,1117,67.0,Male,Backpack,Accessories,96,Hawaii,M,Charcoal,Winter,4.2,No,Express,Yes,Yes,39.0,PayPal,Fortnightly,2023-06,2023-06,High,High,High
1118.0,1e47200ebb68b441d8238d674af3bc0a,view,2023-07-01 10:00:00.000000,1118.0,1118,25.0,Male,Sunglasses,Accessories,77,California,L,Lavender,Spring,4.5,No,Store Pickup,Yes,Yes,24.0,Credit Card,Monthly,2023-07,2023-07,High,High,High
1119.0,cdc7642dd3f5c02e9cc53464848a295c,like,2023-08-01 10:00:00.000000,1119.0,1119,49.0,Male,Belt,Accessories,65,Indiana,M,Purple,Summer,4.9,No,Standard,Yes,Yes,11.0,PayPal,Every 3 Months,2023-08,2023-08,Medium,Medium,Medium
1120.0,3eb610a3e27fd56e5aca4cd5910aff37,purchase,2023-09-01 10:00:00.000000,1120.0,1120,34.0,Male,Jewelry,Accessories,36,Louisiana,M,Indigo,Spring,3.1,No,Standard,Yes,Yes,36.0,Credit Card,Weekly,2023-09,2023-09,Low,Low,Low
1121.0,219aba9cb81e16e01cb8fe79796f716b,purchase,2023-10-01 10:00:00.000000,1121.0,1121,22.0,Male,Sneakers,Footwear,84,Pennsylvania,M,Magenta,Winter,4.0,No,Next Day Air,Yes,Yes,40.0,Debit Card,Monthly,2023-10,2023-10,High,High,High
1122.0,8609e16f3a31f7c41d0a6253ce83da1c,view,2023-11-01 10:00:00.000000,1122.0,1122,63.0,Male,T-shirt,Clothing,58,Florida,XL,Peach,Fall,3.2,No,Express,Yes,Yes,25.0,Cash,Quarterly,2023-11,2023-11,Medium,Medium,Medium
1123.0,d4fbce2c0f2890c1363b499de706df29,like,2023-12-01 10:00:00.000000,1123.0,1123,70.0,Male,Handbag,Accessories,62,North Carolina,S,Charcoal,Spring,4.3,No,2-Day Shipping,Yes,Yes,12.0,Credit Card,Annually,2023-12,2023-12,Medium,Medium,Medium
1136.0,b39a86552a90880f6a4cb561b1c17a86,like,2023-10-10 08:00:00.000000,1136.0,1136,65.0,Male,Skirt,Clothing,90,Massachusetts,L,Peach,Winter,3.6,No,2-Day Shipping,Yes,Yes,32.0,Bank Transfer,Quarterly,2023-10,2023-10,High,High,High
1137.0,c007a8a924da9bdf4413e7f4af2a094c,purchase,2023-11-10 08:00:00.000000,1137.0,1137,23.0,Male,Handbag,Accessories,83,Illinois,S,Cyan,Summer,4.8,No,Free Shipping,Yes,Yes,37.0,Cash,Monthly,2023-11,2023-11,High,High,High
1138.0,001d216315bc84347addbb1a9c7e5015,view,2023-12-10 08:00:00.000000,1138.0,1138,46.0,Male,Shirt,Clothing,91,New Mexico,XL,Pink,Winter,2.8,No,2-Day Shipping,Yes,Yes,16.0,Bank Transfer,Every 3 Months,2023-12,2023-12,High,High,High
1158.0,eb419b076aba904452bc1cf71595c0f8,view,2023-01-11 08:00:00.000000,1158.0,1158,37.0,Male,Belt,Accessories,66,Maryland,M,Charcoal,Fall,4.4,No,Standard,Yes,Yes,11.0,Cash,Quarterly,2023-01,2023-01,Medium,Medium,Medium
1159.0,824bd666cabeeca9cb94ac542ca1ae63,like,2023-02-11 08:00:00.000000,1159.0,1159,69.0,Male,Belt,Accessories,89,Nevada,L,Orange,Summer,4.0,No,2-Day Shipping,Yes,Yes,41.0,Bank Transfer,Annually,2023-02,2023-02,High,High,High
1160.0,41e83d742bbae7aa786d411da0cdc43e,purchase,2023-03-11 08:00:00.000000,1160.0,1160,66.0,Male,Handbag,Accessories,55,New Hampshire,L,Blue,Fall,3.6,No,2-Day Shipping,Yes,Yes,46.0,Venmo,Every 3 Months,2023-03,2023-03,Medium,Medium,Medium
1161.0,a2de42d35ddfe7f05592618adca895dc,purchase,2023-04-11 08:00:00.000000,1161.0,1161,37.0,Male,Scarf,Accessories,42,North Dakota,S,Blue,Summer,3.2,No,Next Day Air,Yes,Yes,9.0,Venmo,Bi-Weekly,2023-04,2023-04,Low,Low,Low
1162.0,8352de4bf050d21eccd2b9f2ed343dbf,view,2023-05-11 08:00:00.000000,1162.0,1162,63.0,Male,Shorts,Clothing,52,Oklahoma,S,Orange,Fall,3.1,No,2-Day Shipping,Yes,Yes,37.0,PayPal,Monthly,2023-05,2023-05,Medium,Medium,Medium
1163.0,436d478039885800bcbb8159f0ab16f3,like,2023-06-11 08:00:00.000000,1163.0,1163,47.0,Male,Sandals,Footwear,92,North Carolina,M,Blue,Winter,4.2,No,Express,Yes,Yes,13.0,PayPal,Weekly,2023-06,2023-06,High,High,High
1164.0,6f91882c6b5db403e57bb38bb08bfd4a,view,2023-07-11 08:00:00.000000,1164.0,1164,26.0,Male,Pants,Clothing,56,Tennessee,L,White,Summer,3.0,No,2-Day Shipping,Yes,Yes,24.0,Debit Card,Monthly,2023-07,2023-07,Medium,Medium,Medium
1165.0,9c5d3643fa3670072302b9467acb3aa8,purchase,2023-08-11 08:00:00.000000,1165.0,1165,68.0,Male,Dress,Clothing,96,Montana,M,Green,Winter,4.2,No,Standard,Yes,Yes,47.0,PayPal,Quarterly,2023-08,2023-08,High,High,High
1166.0,98d6cb9df1ae3ae2287983abffbd2e00,view,2023-09-11 08:00:00.000000,1166.0,1166,51.0,Male,T-shirt,Clothing,64,Wisconsin,M,Silver,Winter,2.9,No,Next Day Air,Yes,Yes,21.0,Venmo,Every 3 Months,2023-09,2023-09,Medium,Medium,Medium
1167.0,4b332e5a834bfd74a114609c2e55203e,like,2023-10-11 08:00:00.000000,1167.0,1167,48.0,Male,Dress,Clothing,48,Connecticut,S,Lavender,Winter,3.7,No,Store Pickup,Yes,Yes,22.0,Venmo,Fortnightly,2023-10,2023-10,Medium,Medium,Medium
1168.0,a6978b304dedbd3e69e265a64e52d39e,view,2023-11-11 08:00:00.000000,1168.0,1168,60.0,Male,Socks,Clothing,83,New Jersey,XL,Beige,Summer,3.6,No,Free Shipping,Yes,Yes,16.0,PayPal,Quarterly,2023-11,2023-11,High,High,High
1169.0,24652081f3f5b74b6e57c5ca72dc8e53,like,2023-12-11 08:00:00.000000,1169.0,1169,68.0,Male,Scarf,Accessories,91,Mississippi,L,Violet,Summer,3.6,No,Standard,Yes,Yes,37.0,Debit Card,Fortnightly,2023-12,2023-12,High,High,High
1188.0,1710a1dc66e41d7821506010e2794485,view,2023-01-12 08:00:00.000000,1188.0,1188,56.0,Male,Hat,Accessories,89,Iowa,L,Maroon,Fall,3.0,No,Express,Yes,Yes,37.0,Credit Card,Every 3 Months,2023-01,2023-01,High,High,High
1189.0,83d8d8eb8c7aafa41271aa5630eabee6,like,2023-02-12 08:00:00.000000,1189.0,1189,68.0,Male,Blouse,Clothing,29,Mississippi,M,Magenta,Summer,3.3,No,Next Day Air,Yes,Yes,11.0,Credit Card,Weekly,2023-02,2023-02,Low,Low,Low
1190.0,94dd679ca4c18c8a5b93909a73146565,like,2023-03-12 08:00:00.000000,1190.0,1190,64.0,Male,Shirt,Clothing,97,Arkansas,XL,Teal,Summer,4.9,No,Free Shipping,Yes,Yes,28.0,Debit Card,Annually,2023-03,2023-03,High,High,High
1191.0,62786541b3339c9d519920d6a0145bf6,purchase,2023-04-12 08:00:00.000000,1191.0,1191,62.0,Male,Shirt,Clothing,45,South Carolina,M,Orange,Winter,4.3,No,Next Day Air,Yes,Yes,31.0,Credit Card,Weekly,2023-04,2023-04,Medium,Medium,Medium
1192.0,1f3872d5d1b093c2db02aa82527e51a7,view,2023-05-12 08:00:00.000000,1192.0,1192,34.0,Male,T-shirt,Clothing,70,Indiana,L,Charcoal,Winter,4.1,No,Free Shipping,Yes,Yes,50.0,Venmo,Quarterly,2023-05,2023-05,Medium,Medium,Medium
1193.0,19873a1f70262019c56e81afb3002a2c,like,2023-06-12 08:00:00.000000,1193.0,1193,49.0,Male,Coat,Outerwear,56,Florida,M,Turquoise,Summer,4.0,No,2-Day Shipping,Yes,Yes,42.0,Venmo,Quarterly,2023-06,2023-06,Medium,Medium,Medium
1194.0,e9b4e432c22cefa1dfe00c44c149d011,purchase,2023-07-12 08:00:00.000000,1194.0,1194,40.0,Male,Jacket,Outerwear,55,Alaska,L,Pink,Fall,5.0,No,2-Day Shipping,Yes,Yes,18.0,Credit Card,Fortnightly,2023-07,2023-07,Medium,Medium,Medium
1195.0,db44e5f1b972bb03c0e5ce616bb3bc0e,purchase,2023-08-12 08:00:00.000000,1195.0,1195,50.0,Male,Hoodie,Clothing,46,New York,S,Teal,Winter,3.1,No,2-Day Shipping,Yes,Yes,6.0,Credit Card,Fortnightly,2023-08,2023-08,Medium,Medium,Medium
1196.0,c52dab3be25ba271ccda21aaf730403f,view,2023-09-12 08:00:00.000000,1196.0,1196,25.0,Male,Scarf,Accessories,95,Texas,M,White,Winter,4.0,No,2-Day Shipping,Yes,Yes,33.0,Venmo,Monthly,2023-09,2023-09,High,High,High
1197.0,5e1cb63093b5d52357e6154a901452b6,like,2023-10-12 08:00:00.000000,1197.0,1197,30.0,Male,Belt,Accessories,88,North Dakota,M,Maroon,Winter,3.2,No,2-Day Shipping,Yes,Yes,13.0,Bank Transfer,Bi-Weekly,2023-10,2023-10,High,High,High
1198.0,b9b0be3285447181da0fe86a37dad1a3,view,2023-11-12 08:00:00.000000,1198.0,1198,54.0,Male,Sneakers,Footwear,92,Vermont,L,Violet,Fall,3.9,No,Standard,Yes,Yes,26.0,PayPal,Annually,2023-11,2023-11,High,High,High
1199.0,5dbbcdab24fe1290caf829d101ee2c8d,like,2023-12-12 08:00:00.000000,1199.0,1199,40.0,Male,Socks,Clothing,49,New Jersey,M,Brown,Summer,3.9,No,2-Day Shipping,Yes,Yes,17.0,Cash,Annually,2023-12,2023-12,Medium,Medium,Medium
1216.0,2f3d4931c98faf4456b4c12ccf1a980e,like,2023-01-01 00:00:00.000000,1216.0,1216,66.0,Male,Blouse,Clothing,20,Oregon,L,Pink,Winter,2.6,No,2-Day Shipping,Yes,Yes,15.0,Credit Card,Every 3 Months,2023-01,2023-01,Low,Low,Low
1221.0,def5e8134b263c40591c7a668b000287,like,2023-01-01 10:00:00.000000,1221.0,1221,67.0,Male,Gloves,Accessories,64,Kentucky,M,Green,Winter,4.9,No,Express,Yes,Yes,36.0,Bank Transfer,Quarterly,2023-01,2023-01,Medium,Medium,Medium
1222.0,272e897ee1bd870c3bc2459c27228018,like,2023-02-01 10:00:00.000000,1222.0,1222,18.0,Male,Socks,Clothing,69,Iowa,M,Red,Winter,4.5,No,Standard,Yes,Yes,3.0,Cash,Quarterly,2023-02,2023-02,Medium,Medium,Medium
1223.0,52a8732647b673f02426dd30ad19bf59,purchase,2023-03-01 10:00:00.000000,1223.0,1223,58.0,Male,Jeans,Clothing,69,Indiana,L,Magenta,Fall,3.4,No,Store Pickup,Yes,Yes,27.0,Bank Transfer,Annually,2023-03,2023-03,Medium,Medium,Medium
1224.0,5976ceeda9e291284080986f54122d6e,view,2023-04-01 10:00:00.000000,1224.0,1224,69.0,Male,Pants,Clothing,24,Kansas,L,Red,Winter,3.9,No,Free Shipping,Yes,Yes,21.0,Bank Transfer,Weekly,2023-04,2023-04,Low,Low,Low
1225.0,867c90cecf9d44a2c4305c239ace56cb,like,2023-05-01 10:00:00.000000,1225.0,1225,62.0,Male,Shorts,Clothing,50,Illinois,M,Yellow,Summer,3.7,No,Store Pickup,Yes,Yes,18.0,Venmo,Weekly,2023-05,2023-05,Medium,Medium,Medium
1226.0,21f3a8688c1e9f76c8145c05f3512c8c,purchase,2023-06-01 10:00:00.000000,1226.0,1226,28.0,Male,Gloves,Accessories,97,North Carolina,S,Turquoise,Fall,2.6,No,Free Shipping,Yes,Yes,16.0,Debit Card,Weekly,2023-06,2023-06,High,High,High
1227.0,1adbdb012335bd79932a1bd3ddbec9cc,purchase,2023-07-01 10:00:00.000000,1227.0,1227,53.0,Male,Sandals,Footwear,91,Ohio,S,Cyan,Fall,3.4,No,Store Pickup,Yes,Yes,18.0,Venmo,Bi-Weekly,2023-07,2023-07,High,High,High
1228.0,48ec328e4b403099487efa5130e3922b,view,2023-08-01 10:00:00.000000,1228.0,1228,27.0,Male,Blouse,Clothing,37,Illinois,L,Yellow,Spring,4.9,No,Store Pickup,Yes,Yes,19.0,Bank Transfer,Bi-Weekly,2023-08,2023-08,Low,Low,Low
1229.0,796b7975851363c90e20827f09e6bf22,like,2023-09-01 10:00:00.000000,1229.0,1229,55.0,Male,Jacket,Outerwear,55,Indiana,S,Yellow,Winter,3.9,No,Express,Yes,Yes,1.0,Cash,Annually,2023-09,2023-09,Medium,Medium,Medium
1230.0,8b59f11121c6eff4c0b4a1b366e2996e,view,2023-10-01 10:00:00.000000,1230.0,1230,34.0,Male,Jewelry,Accessories,52,Kansas,XL,Maroon,Winter,3.6,No,Express,Yes,Yes,39.0,Bank Transfer,Annually,2023-10,2023-10,Medium,Medium,Medium
1231.0,bdac2c050952b15fce155f369b518e01,like,2023-11-01 10:00:00.000000,1231.0,1231,25.0,Male,Hat,Accessories,80,Illinois,L,Brown,Spring,4.6,No,Standard,Yes,Yes,49.0,Venmo,Monthly,2023-11,2023-11,High,High,High
1232.0,09094cff281b46956b46479047c62796,purchase,2023-12-01 10:00:00.000000,1232.0,1232,66.0,Male,Socks,Clothing,79,Pennsylvania,M,Gold,Spring,4.0,No,2-Day Shipping,Yes,Yes,43.0,Credit Card,Fortnightly,2023-12,2023-12,High,High,High
1252.0,5579ed6febe0be42709656b2009a32ac,purchase,2023-01-02 10:00:00.000000,1252.0,1252,56.0,Male,Shorts,Clothing,86,Indiana,XL,Orange,Spring,5.0,No,Next Day Air,Yes,Yes,43.0,Credit Card,Monthly,2023-01,2023-01,High,High,High
1253.0,020300b51cf11dc22402428652e6f505,view,2023-02-02 10:00:00.000000,1253.0,1253,28.0,Male,Sandals,Footwear,41,Massachusetts,L,Magenta,Fall,4.0,No,Standard,Yes,Yes,8.0,Cash,Quarterly,2023-02,2023-02,Low,Low,Low
1254.0,f204db7f91c33afeed16dae7b1f36efe,like,2023-03-02 10:00:00.000000,1254.0,1254,39.0,Male,Sandals,Footwear,23,Montana,XL,Red,Winter,4.9,No,Express,Yes,Yes,49.0,PayPal,Annually,2023-03,2023-03,Low,Low,Low
1255.0,67618461cb0d745f7b74e0b5ff2d08b8,view,2023-04-02 10:00:00.000000,1255.0,1255,54.0,Male,Sneakers,Footwear,56,California,XL,Black,Spring,3.3,No,2-Day Shipping,Yes,Yes,2.0,Credit Card,Bi-Weekly,2023-04,2023-04,Medium,Medium,Medium
1256.0,d99891b52fbb2aeb8a5a7dc2dee8feb5,like,2023-05-02 10:00:00.000000,1256.0,1256,30.0,Male,Hat,Accessories,68,Indiana,M,Peach,Fall,4.1,No,Standard,Yes,Yes,38.0,Cash,Fortnightly,2023-05,2023-05,Medium,Medium,Medium
1257.0,df81ccd341a4af5f7172a54081fd1e05,purchase,2023-06-02 10:00:00.000000,1257.0,1257,45.0,Male,Coat,Outerwear,48,West Virginia,S,Olive,Winter,3.6,No,Express,Yes,Yes,4.0,Cash,Fortnightly,2023-06,2023-06,Medium,Medium,Medium
1258.0,f7456626d54a4e9e832ba5b45ff215fc,view,2023-07-02 10:00:00.000000,1258.0,1258,68.0,Male,Dress,Clothing,67,Minnesota,L,Gold,Spring,3.0,No,Free Shipping,Yes,Yes,31.0,Cash,Every 3 Months,2023-07,2023-07,Medium,Medium,Medium
1259.0,626f4d74ff85ddbb9f92a8ed1999dd30,like,2023-08-02 10:00:00.000000,1259.0,1259,47.0,Male,Boots,Footwear,87,Ohio,XL,Gold,Spring,4.1,No,2-Day Shipping,Yes,Yes,34.0,Debit Card,Every 3 Months,2023-08,2023-08,High,High,High
1260.0,2c67595257877b718e8f988dbf623325,view,2023-09-02 10:00:00.000000,1260.0,1260,68.0,Male,Skirt,Clothing,64,Minnesota,M,Turquoise,Fall,3.9,No,Standard,Yes,Yes,45.0,Credit Card,Monthly,2023-09,2023-09,Medium,Medium,Medium
1261.0,68c161cf7ee573890d01dce946792167,like,2023-10-02 10:00:00.000000,1261.0,1261,63.0,Male,Shirt,Clothing,93,Virginia,XL,Green,Spring,4.1,No,Store Pickup,Yes,Yes,30.0,Debit Card,Quarterly,2023-10,2023-10,High,High,High
1262.0,7b0e42cf9bfc3f1c8c4bfdaeb695df9c,like,2023-11-02 10:00:00.000000,1262.0,1262,20.0,Male,Shirt,Clothing,29,Connecticut,L,Maroon,Summer,2.8,No,Next Day Air,Yes,Yes,2.0,Credit Card,Fortnightly,2023-11,2023-11,Low,Low,Low
1263.0,f2beba0c006b81f4535d6b2794b6183f,purchase,2023-12-02 10:00:00.000000,1263.0,1263,29.0,Male,Boots,Footwear,62,Tennessee,L,Brown,Winter,4.8,No,Store Pickup,Yes,Yes,44.0,Venmo,Monthly,2023-12,2023-12,Medium,Medium,Medium
1273.0,2ed64a3b4b672b03b2a3e8a5329c5c9c,purchase,2023-10-10 08:00:00.000000,1273.0,1273,35.0,Male,Sandals,Footwear,80,Wisconsin,M,Orange,Winter,4.4,No,Express,Yes,Yes,16.0,Bank Transfer,Monthly,2023-10,2023-10,High,High,High
1274.0,38ed12b7f33c4d175888a991e440ac51,view,2023-11-10 08:00:00.000000,1274.0,1274,41.0,Male,Jeans,Clothing,29,Mississippi,L,Silver,Spring,4.1,No,Next Day Air,Yes,Yes,32.0,Credit Card,Every 3 Months,2023-11,2023-11,Low,Low,Low
1275.0,ff2d9b91f16ccd82704617dd4b833eba,like,2023-12-10 08:00:00.000000,1275.0,1275,54.0,Male,Hat,Accessories,73,Missouri,M,Olive,Spring,3.1,No,2-Day Shipping,Yes,Yes,37.0,PayPal,Quarterly,2023-12,2023-12,Medium,Medium,Medium
1295.0,8462a9bdf3e166e75813e7be633ccdb4,purchase,2023-01-11 08:00:00.000000,1295.0,1295,27.0,Male,Shirt,Clothing,64,Texas,M,Silver,Summer,4.5,No,Standard,Yes,Yes,21.0,Cash,Every 3 Months,2023-01,2023-01,Medium,Medium,Medium
1296.0,3de6ff210cc6eff10bcf495bf38c2a87,view,2023-02-11 08:00:00.000000,1296.0,1296,30.0,Male,Sneakers,Footwear,60,New Mexico,M,Olive,Fall,2.8,No,Standard,Yes,Yes,50.0,PayPal,Weekly,2023-02,2023-02,Medium,Medium,Medium
1297.0,01663d024e52b57581908025ba56f089,like,2023-03-11 08:00:00.000000,1297.0,1297,48.0,Male,Jeans,Clothing,29,South Dakota,S,Teal,Spring,2.8,No,Express,Yes,Yes,16.0,Cash,Bi-Weekly,2023-03,2023-03,Low,Low,Low
1298.0,f953790bd2c9da66ceea8af3f4751f85,purchase,2023-04-11 08:00:00.000000,1298.0,1298,44.0,Male,Sandals,Footwear,85,New Jersey,M,Silver,Summer,4.6,No,Standard,Yes,Yes,32.0,Venmo,Annually,2023-04,2023-04,High,High,High
1299.0,9fcc5e9b29b2ac2f097ce0dfcc17e625,purchase,2023-05-11 08:00:00.000000,1299.0,1299,29.0,Male,Pants,Clothing,81,Indiana,S,Indigo,Summer,3.0,No,Free Shipping,Yes,Yes,14.0,Bank Transfer,Fortnightly,2023-05,2023-05,High,High,High
1300.0,913ab9eaabb096f110f4909e6837cb53,view,2023-06-11 08:00:00.000000,1300.0,1300,29.0,Male,Belt,Accessories,23,Louisiana,L,Teal,Fall,3.6,No,2-Day Shipping,Yes,Yes,42.0,Venmo,Bi-Weekly,2023-06,2023-06,Low,Low,Low
1301.0,6e900e9b0d0867b258fdb4f288e2df7e,like,2023-07-11 08:00:00.000000,1301.0,1301,67.0,Male,T-shirt,Clothing,100,West Virginia,M,Charcoal,Spring,4.5,No,Next Day Air,Yes,Yes,47.0,Credit Card,Every 3 Months,2023-07,2023-07,High,High,High
1302.0,5abee5d0fd7db49890f5ac64f208cc6e,view,2023-08-11 08:00:00.000000,1302.0,1302,42.0,Male,Shirt,Clothing,54,Maine,M,Orange,Fall,5.0,No,Express,Yes,Yes,21.0,Debit Card,Weekly,2023-08,2023-08,Medium,Medium,Medium
1303.0,ca9b22af3159b6d2bcfdb931c2e8607f,like,2023-09-11 08:00:00.000000,1303.0,1303,23.0,Male,Sneakers,Footwear,25,Idaho,M,Gold,Fall,2.9,No,Next Day Air,Yes,Yes,37.0,Credit Card,Monthly,2023-09,2023-09,Low,Low,Low
1304.0,e5f00c4b9ea2fd1433527b4d027a7719,like,2023-10-11 08:00:00.000000,1304.0,1304,34.0,Male,Blouse,Clothing,32,New York,L,Silver,Summer,3.1,No,Next Day Air,Yes,Yes,10.0,Credit Card,Annually,2023-10,2023-10,Low,Low,Low
1305.0,6c08c5202983067bf1f62cc2cd4ec6bb,purchase,2023-11-11 08:00:00.000000,1305.0,1305,64.0,Male,Backpack,Accessories,63,Montana,S,Orange,Spring,4.0,No,2-Day Shipping,Yes,Yes,18.0,PayPal,Every 3 Months,2023-11,2023-11,Medium,Medium,Medium
1306.0,5750d16e3dc79365d13f21fde9458189,view,2023-12-11 08:00:00.000000,1306.0,1306,31.0,Male,Pants,Clothing,56,Mississippi,XL,Peach,Spring,4.5,No,Express,Yes,Yes,2.0,PayPal,Every 3 Months,2023-12,2023-12,Medium,Medium,Medium
1325.0,9d94f1c68631da611e3ab81bae6ff5d4,purchase,2023-01-12 08:00:00.000000,1325.0,1325,39.0,Male,Jewelry,Accessories,77,Indiana,S,Orange,Summer,3.8,No,Free Shipping,Yes,Yes,11.0,Credit Card,Fortnightly,2023-01,2023-01,High,High,High
1326.0,8cf38346e037ae0adcc348f1058dd38b,purchase,2023-02-12 08:00:00.000000,1326.0,1326,28.0,Male,Backpack,Accessories,73,Oregon,L,Gold,Summer,3.5,No,Express,Yes,Yes,1.0,Cash,Monthly,2023-02,2023-02,Medium,Medium,Medium
1327.0,843e3fb3a9360c4d94e7800814486127,view,2023-03-12 08:00:00.000000,1327.0,1327,40.0,Male,Shoes,Footwear,50,Texas,M,Indigo,Spring,4.6,No,Free Shipping,Yes,Yes,17.0,Cash,Monthly,2023-03,2023-03,Medium,Medium,Medium
1328.0,577ce6ddf7767dfbb0f4736ad487c4b2,like,2023-04-12 08:00:00.000000,1328.0,1328,52.0,Male,Coat,Outerwear,40,Florida,M,Turquoise,Winter,2.8,No,Standard,Yes,Yes,37.0,Cash,Weekly,2023-04,2023-04,Low,Low,Low
1329.0,382b34c16b333a3e0ae9b1380db4cd3c,view,2023-05-12 08:00:00.000000,1329.0,1329,37.0,Male,Sweater,Clothing,97,Rhode Island,M,Orange,Winter,3.7,No,Standard,Yes,Yes,40.0,Bank Transfer,Weekly,2023-05,2023-05,High,High,High
1330.0,3967f944b941e2134d3911ddee7a42c2,like,2023-06-12 08:00:00.000000,1330.0,1330,70.0,Male,Gloves,Accessories,63,Texas,M,Indigo,Fall,3.3,No,Express,Yes,Yes,50.0,PayPal,Every 3 Months,2023-06,2023-06,Medium,Medium,Medium
1331.0,246778fc1a330e7992cc49eec2ddad4b,like,2023-07-12 08:00:00.000000,1331.0,1331,30.0,Male,Handbag,Accessories,65,Vermont,M,Charcoal,Fall,2.9,No,Standard,Yes,Yes,20.0,PayPal,Bi-Weekly,2023-07,2023-07,Medium,Medium,Medium
1332.0,898720b304a83ed1dbb0511606a221a5,purchase,2023-08-12 08:00:00.000000,1332.0,1332,38.0,Male,Socks,Clothing,91,Maryland,M,Lavender,Spring,3.2,No,Standard,Yes,Yes,8.0,PayPal,Bi-Weekly,2023-08,2023-08,High,High,High
1333.0,6afb13447e44b246a8d5a8934d0d0685,view,2023-09-12 08:00:00.000000,1333.0,1333,66.0,Male,Hoodie,Clothing,60,Alaska,S,Gold,Spring,4.3,No,Store Pickup,Yes,Yes,16.0,Bank Transfer,Quarterly,2023-09,2023-09,Medium,Medium,Medium
1334.0,ef4837060b32d255e39ad7374bc1a9c1,like,2023-10-12 08:00:00.000000,1334.0,1334,29.0,Male,Pants,Clothing,69,Idaho,M,Lavender,Winter,2.7,No,Next Day Air,Yes,Yes,9.0,Bank Transfer,Quarterly,2023-10,2023-10,Medium,Medium,Medium
1335.0,98c6081b2dfbf196fcdf222afe73ce78,purchase,2023-11-12 08:00:00.000000,1335.0,1335,46.0,Male,Coat,Outerwear,52,West Virginia,S,White,Spring,4.2,No,Store Pickup,Yes,Yes,12.0,Venmo,Monthly,2023-11,2023-11,Medium,Medium,Medium
1336.0,2673616a5b3a452c5ff6fb1901d727b3,purchase,2023-12-12 08:00:00.000000,1336.0,1336,56.0,Male,Boots,Footwear,49,Nevada,M,Lavender,Fall,4.8,No,2-Day Shipping,Yes,Yes,26.0,Credit Card,Weekly,2023-12,2023-12,Medium,Medium,Medium
1353.0,9c5bd7c3813f7bd700d9d993d6a2e563,view,2023-01-01 00:00:00.000000,1353.0,1353,65.0,Male,Hat,Accessories,89,Indiana,XL,Orange,Spring,4.5,No,Next Day Air,Yes,Yes,37.0,Credit Card,Bi-Weekly,2023-01,2023-01,High,High,High
1358.0,3ccf626f5a074322a78c7a060058153b,like,2023-01-01 10:00:00.000000,1358.0,1358,24.0,Male,Backpack,Accessories,66,Texas,S,Red,Summer,3.5,No,Next Day Air,Yes,Yes,20.0,Cash,Quarterly,2023-01,2023-01,Medium,Medium,Medium
1359.0,424aad89a3954c28c4d7c96ebce5d236,view,2023-02-01 10:00:00.000000,1359.0,1359,19.0,Male,Scarf,Accessories,22,Nebraska,XL,Pink,Spring,2.5,No,Store Pickup,Yes,Yes,25.0,Venmo,Every 3 Months,2023-02,2023-02,Low,Low,Low
1360.0,6cc2f3e6ef6bf7471b24e8cb7b660500,like,2023-03-01 10:00:00.000000,1360.0,1360,27.0,Male,Hoodie,Clothing,68,North Carolina,S,Cyan,Winter,4.3,No,Store Pickup,Yes,Yes,26.0,Bank Transfer,Fortnightly,2023-03,2023-03,Medium,Medium,Medium
1361.0,99d175d95196f2d9a86770f387fcbe60,like,2023-04-01 10:00:00.000000,1361.0,1361,56.0,Male,Skirt,Clothing,43,Alabama,L,Black,Fall,2.8,No,Express,Yes,Yes,4.0,Bank Transfer,Annually,2023-04,2023-04,Low,Low,Low
1362.0,2cc6a0b5e3f55677a0cf48e156bf0c4f,purchase,2023-05-01 10:00:00.000000,1362.0,1362,49.0,Male,Dress,Clothing,32,Alabama,M,Beige,Fall,3.7,No,Next Day Air,Yes,Yes,39.0,Debit Card,Monthly,2023-05,2023-05,Low,Low,Low
1363.0,9b1292c2ba644de7fe228ea11fec8b4b,view,2023-06-01 10:00:00.000000,1363.0,1363,41.0,Male,Coat,Outerwear,46,Colorado,M,Gray,Fall,4.3,No,Express,Yes,Yes,29.0,Cash,Weekly,2023-06,2023-06,Medium,Medium,Medium
1364.0,8146fb29e659f7a06e44b21e88989cb1,like,2023-07-01 10:00:00.000000,1364.0,1364,36.0,Male,Blouse,Clothing,90,Wisconsin,L,Red,Summer,4.0,No,Express,Yes,Yes,47.0,PayPal,Quarterly,2023-07,2023-07,High,High,High
1365.0,3d08b2296ba1c058d28b95785f1691c8,purchase,2023-08-01 10:00:00.000000,1365.0,1365,68.0,Male,Hat,Accessories,75,Delaware,L,Yellow,Fall,4.7,No,Express,Yes,Yes,5.0,Cash,Every 3 Months,2023-08,2023-08,High,High,High
1366.0,05b1536c4d7b70d888eb3aa41d380115,purchase,2023-09-01 10:00:00.000000,1366.0,1366,28.0,Male,Handbag,Accessories,69,Indiana,M,Magenta,Winter,4.5,No,Store Pickup,Yes,Yes,18.0,Bank Transfer,Fortnightly,2023-09,2023-09,Medium,Medium,Medium
1367.0,4d32cd8210556a3514b3bb24c776f368,view,2023-10-01 10:00:00.000000,1367.0,1367,45.0,Male,Belt,Accessories,40,Iowa,M,Magenta,Fall,3.1,No,Free Shipping,Yes,Yes,10.0,Credit Card,Fortnightly,2023-10,2023-10,Low,Low,Low
1368.0,f4831c14510eddb3443ba56dc0e81fba,like,2023-11-01 10:00:00.000000,1368.0,1368,60.0,Male,Belt,Accessories,63,Iowa,S,Black,Fall,3.8,No,Express,Yes,Yes,25.0,Cash,Quarterly,2023-11,2023-11,Medium,Medium,Medium
1369.0,2b2b8b217ac07ae25356039a6a646602,view,2023-12-01 10:00:00.000000,1369.0,1369,21.0,Male,Shirt,Clothing,36,Wisconsin,L,Orange,Summer,4.9,No,Express,Yes,Yes,2.0,Cash,Weekly,2023-12,2023-12,Low,Low,Low
1382.0,37b3cbfaa0f7cdbb7b3156cf4aed563b,purchase,2023-10-10 08:00:00.000000,1382.0,1382,30.0,Male,Shoes,Footwear,86,Illinois,L,Green,Winter,2.9,No,Standard,Yes,Yes,48.0,Venmo,Quarterly,2023-10,2023-10,High,High,High
1383.0,b36591a5b65fbeab4c5f32574abbd72c,view,2023-11-10 08:00:00.000000,1383.0,1383,68.0,Male,Jacket,Outerwear,55,Michigan,L,Brown,Winter,4.8,No,Express,Yes,Yes,16.0,Bank Transfer,Quarterly,2023-11,2023-11,Medium,Medium,Medium
1384.0,fa96fa335c81fae616f14c5cd13ca54a,like,2023-12-10 08:00:00.000000,1384.0,1384,36.0,Male,Scarf,Accessories,58,Wisconsin,M,Beige,Spring,3.3,No,Express,Yes,Yes,4.0,Venmo,Monthly,2023-12,2023-12,Medium,Medium,Medium
1404.0,33366780e581990022cfaff593fc2fad,,2023-01-11 08:00:00.000000,1404.0,1404,26.0,Male,Backpack,Accessories,20,Georgia,M,Peach,Spring,3.6,No,Store Pickup,Yes,Yes,20.0,Credit Card,Bi-Weekly,2023-01,2023-01,Low,Low,Low
1405.0,f5b8c50318d3cd34338a6ff0ab1efd5e,,2023-02-11 08:00:00.000000,1405.0,1405,36.0,Male,Jewelry,Accessories,28,New Mexico,M,Charcoal,Winter,3.5,No,Next Day Air,Yes,Yes,10.0,Debit Card,Weekly,2023-02,2023-02,Low,Low,Low
1406.0,1f8edf9b3d4a346d46a8354842a91c27,,2023-03-11 08:00:00.000000,1406.0,1406,33.0,Male,Socks,Clothing,100,New Hampshire,M,Peach,Winter,2.7,No,Store Pickup,Yes,Yes,39.0,Credit Card,Monthly,2023-03,2023-03,High,High,High
1407.0,79e527ab6ed2cb955d0736f0492465a4,,2023-04-11 08:00:00.000000,1407.0,1407,32.0,Male,Shirt,Clothing,46,Washington,L,Turquoise,Spring,3.6,No,Express,Yes,Yes,15.0,Debit Card,Monthly,2023-04,2023-04,Medium,Medium,Medium
1408.0,ee07d53cb4d8c5abcecbb95af410d5eb,,2023-05-11 08:00:00.000000,1408.0,1408,56.0,Male,Handbag,Accessories,61,Nevada,XL,Charcoal,Spring,4.5,No,Express,Yes,Yes,11.0,Credit Card,Annually,2023-05,2023-05,Medium,Medium,Medium
1409.0,268e36eeaad1b374177399543b808226,,2023-06-11 08:00:00.000000,1409.0,1409,58.0,Male,Blouse,Clothing,58,Maine,M,Yellow,Winter,4.1,No,Free Shipping,Yes,Yes,38.0,Venmo,Weekly,2023-06,2023-06,Medium,Medium,Medium
1410.0,a77e16c8e410412d4acc5a49abd396e7,,2023-07-11 08:00:00.000000,1410.0,1410,34.0,Male,Backpack,Accessories,50,Idaho,M,Blue,Spring,4.2,No,Standard,Yes,Yes,41.0,Cash,Fortnightly,2023-07,2023-07,Medium,Medium,Medium
1411.0,15876da587525324d5806c1fec76c828,purchase,2023-08-11 08:00:00.000000,1411.0,1411,61.0,Male,Hat,Accessories,93,Tennessee,M,Purple,Summer,4.0,No,Store Pickup,Yes,Yes,18.0,Debit Card,Annually,2023-08,2023-08,High,High,High
1412.0,71e089212950383f3981dbd533e8862f,view,2023-09-11 08:00:00.000000,1412.0,1412,48.0,Male,Skirt,Clothing,24,Louisiana,L,Green,Summer,2.8,No,Store Pickup,Yes,Yes,13.0,Venmo,Quarterly,2023-09,2023-09,Low,Low,Low
1413.0,2b5dd4a47604b80aff22eb0821ad22e0,like,2023-10-11 08:00:00.000000,1413.0,1413,25.0,Male,Shorts,Clothing,100,Michigan,M,Charcoal,Summer,2.6,No,2-Day Shipping,Yes,Yes,43.0,Venmo,Annually,2023-10,2023-10,High,High,High
1414.0,1046ff386ac8561e886cec83835f4727,view,2023-11-11 08:00:00.000000,1414.0,1414,51.0,Male,Blouse,Clothing,79,New Hampshire,S,Indigo,Fall,2.7,No,Store Pickup,Yes,Yes,12.0,Bank Transfer,Quarterly,2023-11,2023-11,High,High,High
1415.0,0e999233f7a05fd57787d006b14b1c6e,like,2023-12-11 08:00:00.000000,1415.0,1415,29.0,Male,Socks,Clothing,51,Minnesota,M,Black,Summer,4.5,No,Store Pickup,Yes,Yes,3.0,Credit Card,Bi-Weekly,2023-12,2023-12,Medium,Medium,Medium
1434.0,b010273cdeb5f58fbd9bf172887b87f7,view,2023-01-12 08:00:00.000000,1434.0,1434,70.0,Male,Hoodie,Clothing,60,Minnesota,L,Yellow,Winter,3.2,No,Next Day Air,Yes,Yes,45.0,Debit Card,Weekly,2023-01,2023-01,Medium,Medium,Medium
1435.0,46fb4dbb33ab8dde10234dc09e3302f8,like,2023-02-12 08:00:00.000000,1435.0,1435,59.0,Male,Sweater,Clothing,64,New York,L,Maroon,Summer,4.6,No,Free Shipping,Yes,Yes,21.0,Debit Card,Bi-Weekly,2023-02,2023-02,Medium,Medium,Medium
1436.0,b880955546c59227da44e051ec9937c3,like,2023-03-12 08:00:00.000000,1436.0,1436,45.0,Male,Scarf,Accessories,95,Oregon,XL,Black,Fall,4.0,No,Standard,Yes,Yes,41.0,Cash,Weekly,2023-03,2023-03,High,High,High
1437.0,524dd38646ec03a1c931ff27e382421d,purchase,2023-04-12 08:00:00.000000,1437.0,1437,35.0,Male,Sneakers,Footwear,83,Minnesota,M,Gray,Winter,3.7,No,Free Shipping,Yes,Yes,23.0,PayPal,Fortnightly,2023-04,2023-04,High,High,High
1438.0,4d9bc76fa9b4b4293ce567953cb985fd,view,2023-05-12 08:00:00.000000,1438.0,1438,69.0,Male,Boots,Footwear,97,Montana,XL,Orange,Winter,4.2,No,Free Shipping,Yes,Yes,14.0,Cash,Annually,2023-05,2023-05,High,High,High
1439.0,9fd5221ffecdd904357e8f8fda151ab9,like,2023-06-12 08:00:00.000000,1439.0,1439,58.0,Male,Coat,Outerwear,38,Washington,M,Cyan,Spring,2.9,No,Standard,Yes,Yes,24.0,Debit Card,Monthly,2023-06,2023-06,Low,Low,Low
1440.0,7a12b412fc84c36e48d895b906ee7b5b,purchase,2023-07-12 08:00:00.000000,1440.0,1440,25.0,Male,Boots,Footwear,48,New Mexico,M,Magenta,Summer,4.8,No,Next Day Air,Yes,Yes,25.0,Cash,Fortnightly,2023-07,2023-07,Medium,Medium,Medium
1441.0,2ce9a60c6a0a1478b5c7e9e095cde0e1,purchase,2023-08-12 08:00:00.000000,1441.0,1441,27.0,Male,Sandals,Footwear,76,Arizona,M,Pink,Spring,4.4,No,Standard,Yes,Yes,13.0,Venmo,Monthly,2023-08,2023-08,High,High,High
1442.0,37a50b4d9bab78cb4eda829041fa874b,view,2023-09-12 08:00:00.000000,1442.0,1442,34.0,Male,Pants,Clothing,25,Nebraska,S,Turquoise,Summer,3.4,No,Free Shipping,Yes,Yes,3.0,Venmo,Every 3 Months,2023-09,2023-09,Low,Low,Low
1443.0,ee82d25d58b2ff84fcd7eaec6a0be276,like,2023-10-12 08:00:00.000000,1443.0,1443,53.0,Male,Hoodie,Clothing,92,Idaho,S,Violet,Spring,2.8,No,2-Day Shipping,Yes,Yes,42.0,Credit Card,Annually,2023-10,2023-10,High,High,High
1444.0,944d284eda2f2977e53fa2c87fba3a56,view,2023-11-12 08:00:00.000000,1444.0,1444,58.0,Male,Sandals,Footwear,47,Idaho,L,Teal,Fall,4.2,No,Next Day Air,Yes,Yes,2.0,Cash,Monthly,2023-11,2023-11,Medium,Medium,Medium
1445.0,2e921f3ec06407bf6b8c2d8983f48a2b,like,2023-12-12 08:00:00.000000,1445.0,1445,32.0,Male,Sweater,Clothing,36,Vermont,L,Pink,Fall,3.8,No,Express,Yes,Yes,26.0,Cash,Quarterly,2023-12,2023-12,Low,Low,Low
1462.0,3b45080c3704e0b35a0260c345099976,view,2023-01-01 00:00:00.000000,1462.0,1462,54.0,Male,Sunglasses,Accessories,95,Oregon,S,Red,Summer,5.0,No,2-Day Shipping,Yes,Yes,42.0,Venmo,Quarterly,2023-01,2023-01,High,High,High
1467.0,5a6e4f4fd27ea4a66c1c377cedb58f52,like,2023-01-01 10:00:00.000000,1467.0,1467,58.0,Male,Shorts,Clothing,71,Alabama,M,Green,Summer,4.5,No,Store Pickup,Yes,Yes,3.0,PayPal,Annually,2023-01,2023-01,Medium,Medium,Medium
1468.0,601cf08226fc58ea98c7087ed2e6bcc9,view,2023-02-01 10:00:00.000000,1468.0,1468,30.0,Male,Jewelry,Accessories,27,Ohio,XL,Olive,Winter,4.7,No,Store Pickup,Yes,Yes,16.0,Debit Card,Fortnightly,2023-02,2023-02,Low,Low,Low
1469.0,fc26bf9c4f82f38d46b9dccc46718d99,like,2023-03-01 10:00:00.000000,1469.0,1469,42.0,Male,Gloves,Accessories,39,Arkansas,S,Silver,Fall,3.9,No,Express,Yes,Yes,46.0,Cash,Fortnightly,2023-03,2023-03,Low,Low,Low
1470.0,c79be8182ec4140be079e20f360c6a80,like,2023-04-01 10:00:00.000000,1470.0,1470,28.0,Male,Jewelry,Accessories,98,Mississippi,M,Purple,Winter,4.4,No,Standard,Yes,Yes,31.0,PayPal,Every 3 Months,2023-04,2023-04,High,High,High
1471.0,e929b90c3d440871beee1d15fe79bbd5,purchase,2023-05-01 10:00:00.000000,1471.0,1471,43.0,Male,Sandals,Footwear,27,California,M,Silver,Spring,3.9,No,Next Day Air,Yes,Yes,15.0,Cash,Every 3 Months,2023-05,2023-05,Low,Low,Low
1472.0,8942a7f86b511c789af8f44f99e01ad8,view,2023-06-01 10:00:00.000000,1472.0,1472,31.0,Male,Jewelry,Accessories,71,Alaska,S,Gray,Spring,2.8,No,2-Day Shipping,Yes,Yes,48.0,Venmo,Every 3 Months,2023-06,2023-06,Medium,Medium,Medium
1473.0,a0bceed20bf209a457e2cc0b773a2989,like,2023-07-01 10:00:00.000000,1473.0,1473,39.0,Male,Hat,Accessories,24,Indiana,L,Turquoise,Spring,3.5,No,Store Pickup,Yes,Yes,11.0,Cash,Weekly,2023-07,2023-07,Low,Low,Low
1474.0,f7ad27ca29d2b1c37afaf47965bf06cf,purchase,2023-08-01 10:00:00.000000,1474.0,1474,69.0,Male,Shorts,Clothing,63,Wisconsin,M,Violet,Fall,4.3,No,Express,Yes,Yes,20.0,Credit Card,Every 3 Months,2023-08,2023-08,Medium,Medium,Medium
1475.0,d9edbc44942651864525be132aecbc51,purchase,2023-09-01 10:00:00.000000,1475.0,1475,31.0,Male,Sweater,Clothing,72,New Jersey,S,Pink,Fall,3.9,No,Next Day Air,Yes,Yes,6.0,Credit Card,Monthly,2023-09,2023-09,Medium,Medium,Medium
1476.0,3c013d40f5e3dfed59e30da88a13bc3d,view,2023-10-01 10:00:00.000000,1476.0,1476,44.0,Male,Blouse,Clothing,61,Rhode Island,M,Teal,Spring,4.0,No,Express,Yes,Yes,24.0,Cash,Monthly,2023-10,2023-10,Medium,Medium,Medium
1477.0,eaa44aecad425843957f9eb132909f20,like,2023-11-01 10:00:00.000000,1477.0,1477,39.0,Male,Hat,Accessories,56,Wyoming,M,Magenta,Fall,4.1,No,Next Day Air,Yes,Yes,18.0,Credit Card,Monthly,2023-11,2023-11,Medium,Medium,Medium
1478.0,22e57ff19f7038644f8bc27a7c6be4ea,view,2023-12-01 10:00:00.000000,1478.0,1478,24.0,Male,Belt,Accessories,32,Oregon,XL,Silver,Summer,4.3,No,Standard,Yes,Yes,1.0,PayPal,Every 3 Months,2023-12,2023-12,Low,Low,Low
1498.0,2f5a8a01ae22919e1743595a85d88d81,view,2023-01-02 10:00:00.000000,1498.0,1498,69.0,Male,Jacket,Outerwear,33,Michigan,S,Magenta,Spring,3.8,No,2-Day Shipping,Yes,Yes,16.0,Debit Card,Every 3 Months,2023-01,2023-01,Low,Low,Low
1499.0,b9136072276f40aa7c0a8b1be3d28250,like,2023-02-02 10:00:00.000000,1499.0,1499,59.0,Male,Sweater,Clothing,32,Illinois,M,Teal,Summer,3.1,No,Standard,Yes,Yes,46.0,Venmo,Fortnightly,2023-02,2023-02,Low,Low,Low
1500.0,3c4ab2298e5e84abbca08f1542decfaf,like,2023-10-10 08:00:00.000000,1500.0,1500,19.0,Male,Boots,Footwear,85,Georgia,S,Olive,Fall,3.4,No,Free Shipping,Yes,Yes,24.0,Credit Card,Every 3 Months,2023-10,2023-10,High,High,High
1501.0,bca0f840cb11aa2a2dd87c6bbe903018,purchase,2023-11-10 08:00:00.000000,1501.0,1501,63.0,Male,Jeans,Clothing,69,Alabama,L,Maroon,Summer,4.8,No,Next Day Air,Yes,Yes,22.0,Debit Card,Monthly,2023-11,2023-11,Medium,Medium,Medium
1502.0,68b6267cff5714a4a6cc540a9ccb01f8,view,2023-12-10 08:00:00.000000,1502.0,1502,37.0,Male,Jeans,Clothing,55,Alaska,XL,Silver,Spring,2.7,No,Standard,Yes,Yes,13.0,Debit Card,Every 3 Months,2023-12,2023-12,Medium,Medium,Medium
1522.0,a2d1f4e4e3936c4fdf0ff24343cd3adc,like,2023-01-11 08:00:00.000000,1522.0,1522,29.0,Male,Backpack,Accessories,59,Washington,M,White,Summer,2.7,No,2-Day Shipping,Yes,Yes,50.0,Bank Transfer,Weekly,2023-01,2023-01,Medium,Medium,Medium
1523.0,cf5b9debdee9a0026c8b8e784e6b3929,purchase,2023-02-11 08:00:00.000000,1523.0,1523,38.0,Male,Shorts,Clothing,72,Tennessee,L,Yellow,Spring,4.8,No,Free Shipping,Yes,Yes,5.0,Debit Card,Monthly,2023-02,2023-02,Medium,Medium,Medium
1524.0,09905a127e8283bb83e16894be8df2ee,view,2023-03-11 08:00:00.000000,1524.0,1524,54.0,Male,Socks,Clothing,88,Georgia,M,White,Summer,3.3,No,2-Day Shipping,Yes,Yes,35.0,Debit Card,Annually,2023-03,2023-03,High,High,High
1525.0,80ff0796c0092c1586bd27850c345666,like,2023-04-11 08:00:00.000000,1525.0,1525,22.0,Male,Socks,Clothing,76,Massachusetts,L,Pink,Summer,4.4,No,Free Shipping,Yes,Yes,6.0,Cash,Bi-Weekly,2023-04,2023-04,High,High,High
1526.0,1171e93762bdef88ee344b89b3f9a438,purchase,2023-05-11 08:00:00.000000,1526.0,1526,29.0,Male,Belt,Accessories,31,Oregon,M,Indigo,Winter,4.6,No,2-Day Shipping,Yes,Yes,22.0,Cash,Fortnightly,2023-05,2023-05,Low,Low,Low
1527.0,c1d2b83c8206b7e0be3f9a26a72af7aa,purchase,2023-06-11 08:00:00.000000,1527.0,1527,41.0,Male,Jacket,Outerwear,22,Oklahoma,L,White,Summer,3.1,No,Next Day Air,Yes,Yes,27.0,PayPal,Monthly,2023-06,2023-06,Low,Low,Low
1528.0,b3beccb4bc9f5f93e4c490603e4a3c2a,view,2023-07-11 08:00:00.000000,1528.0,1528,26.0,Male,Hat,Accessories,75,Wisconsin,L,Red,Fall,4.5,No,2-Day Shipping,Yes,Yes,33.0,Debit Card,Fortnightly,2023-07,2023-07,High,High,High
1529.0,1db6d2f205b0960f34faa8e645cabab5,like,2023-08-11 08:00:00.000000,1529.0,1529,69.0,Male,T-shirt,Clothing,75,Oregon,S,Red,Spring,4.0,No,Store Pickup,Yes,Yes,47.0,Venmo,Bi-Weekly,2023-08,2023-08,High,High,High
1530.0,1ecf3e175dc3f7e51d3fa8dc8604cdd7,view,2023-09-11 08:00:00.000000,1530.0,1530,20.0,Male,Backpack,Accessories,63,Georgia,M,Lavender,Winter,3.1,No,Free Shipping,Yes,Yes,48.0,Credit Card,Bi-Weekly,2023-09,2023-09,Medium,Medium,Medium
1531.0,d3c2e5594fc73f0b19db24fc48cc81f3,like,2023-10-11 08:00:00.000000,1531.0,1531,59.0,Male,Coat,Outerwear,21,New Mexico,M,Teal,Spring,3.9,No,Next Day Air,Yes,Yes,22.0,Bank Transfer,Quarterly,2023-10,2023-10,Low,Low,Low
1532.0,862b9c1267d783b208b80dbbcebbc975,purchase,2023-11-11 08:00:00.000000,1532.0,1532,63.0,Male,Backpack,Accessories,83,Mississippi,S,Violet,Spring,4.5,No,Next Day Air,Yes,Yes,8.0,PayPal,Bi-Weekly,2023-11,2023-11,High,High,High
1533.0,046db3cfcb21f119bd9b9c7ee717a216,view,2023-12-11 08:00:00.000000,1533.0,1533,68.0,Male,Jacket,Outerwear,46,Wisconsin,S,Silver,Winter,4.4,No,Next Day Air,Yes,Yes,5.0,PayPal,Every 3 Months,2023-12,2023-12,Medium,Medium,Medium
1552.0,d669852f16590ba9dd74c9f5737cd440,purchase,2023-01-12 08:00:00.000000,1552.0,1552,64.0,Male,Handbag,Accessories,29,Minnesota,M,Olive,Summer,3.7,No,2-Day Shipping,Yes,Yes,13.0,Credit Card,Monthly,2023-01,2023-01,Low,Low,Low
1553.0,59e173a6a5c81caba1d5b986fd5bd091,view,2023-02-12 08:00:00.000000,1553.0,1553,54.0,Male,Blouse,Clothing,49,New Mexico,L,Purple,Spring,3.0,No,Express,Yes,Yes,20.0,Credit Card,Monthly,2023-02,2023-02,Medium,Medium,Medium
1554.0,b7440f4dd80ce401ef57e21a7f0d7977,like,2023-03-12 08:00:00.000000,1554.0,1554,27.0,Male,Blouse,Clothing,45,Delaware,M,Indigo,Spring,4.8,No,Free Shipping,Yes,Yes,21.0,Debit Card,Quarterly,2023-03,2023-03,Medium,Medium,Medium
1555.0,3bde1d55db585da6c0347f6b89ff7489,view,2023-04-12 08:00:00.000000,1555.0,1555,64.0,Male,Shorts,Clothing,48,Utah,S,Lavender,Winter,2.7,No,Standard,Yes,Yes,18.0,Cash,Bi-Weekly,2023-04,2023-04,Medium,Medium,Medium
1556.0,3267bcc2c95f91f3f281b71043e3f513,like,2023-05-12 08:00:00.000000,1556.0,1556,43.0,Male,Shorts,Clothing,47,Ohio,S,Cyan,Winter,4.5,No,Free Shipping,Yes,Yes,44.0,Cash,Quarterly,2023-05,2023-05,Medium,Medium,Medium
1557.0,058b419304a444bd5d68f3299506e92e,purchase,2023-06-12 08:00:00.000000,1557.0,1557,43.0,Male,Hoodie,Clothing,57,Alabama,M,Gold,Fall,2.7,No,Standard,Yes,Yes,26.0,Credit Card,Quarterly,2023-06,2023-06,Medium,Medium,Medium
1558.0,ea6d017ee6ada25b7f7e556a71433a9d,view,2023-07-12 08:00:00.000000,1558.0,1558,27.0,Male,Backpack,Accessories,34,South Dakota,L,Magenta,Fall,3.5,No,Next Day Air,Yes,Yes,34.0,PayPal,Quarterly,2023-07,2023-07,Low,Low,Low
1559.0,a5dcd921f785b05a1fd1d7b35aafa40f,like,2023-08-12 08:00:00.000000,1559.0,1559,35.0,Male,Sunglasses,Accessories,75,New Mexico,XL,Teal,Fall,3.5,No,Express,Yes,Yes,24.0,Credit Card,Every 3 Months,2023-08,2023-08,High,High,High
1560.0,d28a18c4f931d92ef86cce3cd5442ed8,view,2023-09-12 08:00:00.000000,1560.0,1560,43.0,Male,Scarf,Accessories,94,Oregon,L,Beige,Fall,4.5,No,Store Pickup,Yes,Yes,23.0,PayPal,Fortnightly,2023-09,2023-09,High,High,High
1561.0,a6824f959942f101201426a7ed1e977a,like,2023-10-12 08:00:00.000000,1561.0,1561,57.0,Male,Hat,Accessories,84,Oregon,M,Teal,Winter,3.8,No,Free Shipping,Yes,Yes,3.0,Debit Card,Weekly,2023-10,2023-10,High,High,High
1562.0,7bb6af5bf4846898a1fcfe1951f1e823,like,2023-11-12 08:00:00.000000,1562.0,1562,50.0,Male,Scarf,Accessories,38,Mississippi,M,Indigo,Summer,3.8,No,Standard,Yes,Yes,2.0,Bank Transfer,Quarterly,2023-11,2023-11,Low,Low,Low
1563.0,ac13d16962a79e422b786a8b9e02acf3,purchase,2023-12-12 08:00:00.000000,1563.0,1563,37.0,Male,Scarf,Accessories,75,Alabama,M,Purple,Winter,3.2,No,Next Day Air,Yes,Yes,23.0,Venmo,Bi-Weekly,2023-12,2023-12,High,High,High
1580.0,076bac220a37fef893f5337af2733279,like,2023-01-01 00:00:00.000000,1580.0,1580,35.0,Male,Jacket,Outerwear,80,Oklahoma,M,Violet,Summer,3.1,No,Free Shipping,Yes,Yes,6.0,Bank Transfer,Monthly,2023-01,2023-01,High,High,High
1585.0,33db67f11ae74ba74ed8e0d06a48cd72,view,2023-01-01 10:00:00.000000,1585.0,1585,41.0,Male,Blouse,Clothing,95,Hawaii,S,Silver,Spring,3.1,No,Store Pickup,Yes,Yes,46.0,Credit Card,Quarterly,2023-01,2023-01,High,High,High
1586.0,7a401a7ad80fa162e9a73702e23a96d2,like,2023-02-01 10:00:00.000000,1586.0,1586,37.0,Male,Sweater,Clothing,25,Alabama,M,Charcoal,Fall,3.0,No,Next Day Air,Yes,Yes,40.0,Debit Card,Fortnightly,2023-02,2023-02,Low,Low,Low
1587.0,c1c5910bb62729100c5ed0717ed104eb,purchase,2023-03-01 10:00:00.000000,1587.0,1587,25.0,Male,Boots,Footwear,77,Oklahoma,M,Purple,Fall,4.0,No,Express,Yes,Yes,21.0,Bank Transfer,Weekly,2023-03,2023-03,High,High,High
1588.0,4d62e01a2d96257613b3f4064f38a938,purchase,2023-04-01 10:00:00.000000,1588.0,1588,41.0,Male,Socks,Clothing,99,Alabama,M,Beige,Summer,3.5,No,Free Shipping,Yes,Yes,33.0,Credit Card,Fortnightly,2023-04,2023-04,High,High,High
1589.0,a126980fd7c0e40b0fff483ff03484d6,purchase,2023-05-01 10:00:00.000000,1589.0,1589,48.0,Male,Belt,Accessories,24,Vermont,L,Cyan,Winter,3.2,No,Next Day Air,Yes,Yes,3.0,Venmo,Monthly,2023-05,2023-05,Low,Low,Low
1590.0,2aad833645fee18448395adebb3c14f9,view,2023-06-01 10:00:00.000000,1590.0,1590,42.0,Male,Sneakers,Footwear,72,Ohio,M,Silver,Summer,2.7,No,Store Pickup,Yes,Yes,48.0,Cash,Weekly,2023-06,2023-06,Medium,Medium,Medium
1591.0,603f8a3d499b653009ec551cc8f4fb25,like,2023-07-01 10:00:00.000000,1591.0,1591,54.0,Male,Jeans,Clothing,80,Wisconsin,S,Pink,Winter,3.0,No,Free Shipping,Yes,Yes,8.0,PayPal,Annually,2023-07,2023-07,High,High,High
1592.0,0cfb415119a251717a0cfd74f53f88c0,view,2023-08-01 10:00:00.000000,1592.0,1592,18.0,Male,Skirt,Clothing,100,South Dakota,L,Gold,Winter,2.9,No,Next Day Air,Yes,Yes,24.0,PayPal,Annually,2023-08,2023-08,High,High,High
1593.0,1009cb14efb9c7a7ca9183b47b2665df,like,2023-09-01 10:00:00.000000,1593.0,1593,56.0,Male,Shoes,Footwear,83,Iowa,M,Cyan,Summer,3.3,No,Free Shipping,Yes,Yes,10.0,Bank Transfer,Every 3 Months,2023-09,2023-09,High,High,High
1594.0,d3903588e79df0fdab5bccf87cfd7b68,like,2023-10-01 10:00:00.000000,1594.0,1594,61.0,Male,Dress,Clothing,95,Maryland,M,Black,Spring,4.9,No,2-Day Shipping,Yes,Yes,25.0,Bank Transfer,Monthly,2023-10,2023-10,High,High,High
1595.0,9e96161407a562d034b66276fe47feb9,purchase,2023-11-01 10:00:00.000000,1595.0,1595,40.0,Male,Handbag,Accessories,41,Colorado,XL,Charcoal,Summer,3.7,No,Store Pickup,Yes,Yes,3.0,Cash,Fortnightly,2023-11,2023-11,Low,Low,Low
1596.0,b0ddc84af55bbe6efe1c86ac9d64a7dd,view,2023-12-01 10:00:00.000000,1596.0,1596,34.0,Male,Backpack,Accessories,35,Wisconsin,S,Magenta,Spring,3.5,No,Standard,Yes,Yes,45.0,Debit Card,Fortnightly,2023-12,2023-12,Low,Low,Low
1609.0,739ab455a0837d128d763f133cd45bce,purchase,2023-10-10 08:00:00.000000,1609.0,1609,26.0,Male,Sandals,Footwear,58,Nebraska,XL,Cyan,Fall,4.6,No,Next Day Air,Yes,Yes,12.0,Bank Transfer,Bi-Weekly,2023-10,2023-10,Medium,Medium,Medium
1610.0,e89d33e895fa3ee791a1a0558bb8abed,view,2023-11-10 08:00:00.000000,1610.0,1610,33.0,Male,Shirt,Clothing,93,Nevada,S,Brown,Fall,4.1,No,Standard,Yes,Yes,3.0,Venmo,Monthly,2023-11,2023-11,High,High,High
1611.0,1ab96661ce13387aea46114b298dc2da,like,2023-12-10 08:00:00.000000,1611.0,1611,20.0,Male,Socks,Clothing,31,Tennessee,L,Purple,Spring,3.4,No,2-Day Shipping,Yes,Yes,1.0,PayPal,Annually,2023-12,2023-12,Low,Low,Low
1631.0,bf21b9335849a90a453e2f1c72ab3a2d,like,2023-01-11 08:00:00.000000,1631.0,1631,63.0,Male,Shoes,Footwear,48,New Jersey,M,Gold,Summer,2.9,No,Store Pickup,Yes,Yes,29.0,Venmo,Every 3 Months,2023-01,2023-01,Medium,Medium,Medium
1632.0,6773f98228e30d749c8f84775a82cca9,purchase,2023-02-11 08:00:00.000000,1632.0,1632,65.0,Male,Sweater,Clothing,36,Indiana,L,Violet,Summer,3.9,No,2-Day Shipping,Yes,Yes,7.0,Bank Transfer,Fortnightly,2023-02,2023-02,Low,Low,Low
1633.0,0381a6a08600eae055fd4e513aad7843,view,2023-03-11 08:00:00.000000,1633.0,1633,35.0,Male,Gloves,Accessories,28,Oregon,S,White,Summer,4.7,No,2-Day Shipping,Yes,Yes,50.0,Debit Card,Every 3 Months,2023-03,2023-03,Low,Low,Low
1634.0,123f3cf4342b6c596670160468e0dac1,like,2023-04-11 08:00:00.000000,1634.0,1634,54.0,Male,Socks,Clothing,80,North Dakota,M,Peach,Spring,4.4,No,2-Day Shipping,Yes,Yes,33.0,Debit Card,Bi-Weekly,2023-04,2023-04,High,High,High
1635.0,cca75108bcc9c4bec43f0a531ed21fb9,purchase,2023-05-11 08:00:00.000000,1635.0,1635,28.0,Male,Coat,Outerwear,23,South Carolina,S,Orange,Summer,3.6,No,Store Pickup,Yes,Yes,30.0,Cash,Every 3 Months,2023-05,2023-05,Low,Low,Low
1636.0,bf588a0f6959bbb17e86f1716073f6cb,purchase,2023-06-11 08:00:00.000000,1636.0,1636,68.0,Male,Sunglasses,Accessories,24,North Carolina,L,Violet,Summer,3.2,No,Standard,Yes,Yes,40.0,Cash,Annually,2023-06,2023-06,Low,Low,Low
1637.0,53a8ac00354926a0c80569b4de540dd6,view,2023-07-11 08:00:00.000000,1637.0,1637,58.0,Male,Boots,Footwear,22,North Dakota,L,Green,Fall,4.0,No,Free Shipping,Yes,Yes,49.0,Cash,Fortnightly,2023-07,2023-07,Low,Low,Low
1638.0,1c6ed1caecaa64b8420885e45d2c1e1e,like,2023-08-11 08:00:00.000000,1638.0,1638,35.0,Male,Dress,Clothing,21,Massachusetts,M,Peach,Spring,3.5,No,Next Day Air,Yes,Yes,32.0,Venmo,Fortnightly,2023-08,2023-08,Low,Low,Low
1639.0,0cad62f6fcd43223349265a01bec1267,view,2023-09-11 08:00:00.000000,1639.0,1639,68.0,Male,Jacket,Outerwear,51,Tennessee,M,Black,Spring,4.6,No,Free Shipping,Yes,Yes,18.0,Venmo,Weekly,2023-09,2023-09,Medium,Medium,Medium
1640.0,201433d1205d3d39b29d054d5cb95380,like,2023-10-11 08:00:00.000000,1640.0,1640,41.0,Male,Gloves,Accessories,65,Missouri,L,Blue,Summer,3.3,No,Free Shipping,Yes,Yes,50.0,PayPal,Annually,2023-10,2023-10,Medium,Medium,Medium
1641.0,e86258761aad5f59b873e00410a7bc1d,like,2023-11-11 08:00:00.000000,1641.0,1641,65.0,Male,Scarf,Accessories,51,Tennessee,S,Magenta,Spring,4.0,No,2-Day Shipping,Yes,Yes,13.0,PayPal,Weekly,2023-11,2023-11,Medium,Medium,Medium
1642.0,36f9f7a74fda506557a8662767359ac6,purchase,2023-12-11 08:00:00.000000,1642.0,1642,50.0,Male,Hoodie,Clothing,32,Colorado,L,Violet,Summer,3.4,No,Free Shipping,Yes,Yes,1.0,Bank Transfer,Every 3 Months,2023-12,2023-12,Low,Low,Low
1661.0,6e83df6a04b1c6aeeb7f8b50d7b64540,like,2023-01-12 08:00:00.000000,1661.0,1661,59.0,Male,T-shirt,Clothing,45,Louisiana,L,Yellow,Winter,4.1,No,Standard,Yes,Yes,37.0,Venmo,Monthly,2023-01,2023-01,Medium,Medium,Medium
1662.0,e07a6a2f3f10b6347647c3535b62522b,purchase,2023-02-12 08:00:00.000000,1662.0,1662,64.0,Male,Gloves,Accessories,86,Iowa,S,Beige,Summer,2.7,No,2-Day Shipping,Yes,Yes,21.0,Debit Card,Quarterly,2023-02,2023-02,High,High,High
1663.0,8f8740717c9fe963c7e8ea2c7facb703,view,2023-03-12 08:00:00.000000,1663.0,1663,63.0,Male,Sunglasses,Accessories,24,New Mexico,M,Olive,Winter,4.6,No,Free Shipping,Yes,Yes,46.0,Debit Card,Fortnightly,2023-03,2023-03,Low,Low,Low
1664.0,be325b96528ccb919e52994437ae9ee4,like,2023-04-12 08:00:00.000000,1664.0,1664,43.0,Male,Shirt,Clothing,22,Maine,XL,Gold,Summer,3.5,No,Standard,Yes,Yes,1.0,Cash,Bi-Weekly,2023-04,2023-04,Low,Low,Low
1665.0,765a28b1278115292181031cee46421c,purchase,2023-05-12 08:00:00.000000,1665.0,1665,19.0,Male,Handbag,Accessories,53,Minnesota,M,Purple,Spring,5.0,No,Next Day Air,Yes,Yes,35.0,PayPal,Weekly,2023-05,2023-05,Medium,Medium,Medium
1666.0,996ee6c0b74fe3c55171c64a332431d1,purchase,2023-06-12 08:00:00.000000,1666.0,1666,40.0,Male,Jacket,Outerwear,41,New Mexico,L,Pink,Fall,3.4,No,Next Day Air,Yes,Yes,49.0,Venmo,Monthly,2023-06,2023-06,Low,Low,Low
1667.0,66ef8e556a75088f9daa10dd2ad6f952,view,2023-07-12 08:00:00.000000,1667.0,1667,51.0,Male,Skirt,Clothing,64,Arkansas,M,Blue,Summer,3.1,No,Store Pickup,Yes,Yes,47.0,PayPal,Annually,2023-07,2023-07,Medium,Medium,Medium
1668.0,10a6359604aa020ebf6161a9790d0acf,like,2023-08-12 08:00:00.000000,1668.0,1668,51.0,Male,Handbag,Accessories,40,Oklahoma,L,Brown,Winter,3.4,No,2-Day Shipping,Yes,Yes,24.0,Bank Transfer,Every 3 Months,2023-08,2023-08,Low,Low,Low
1669.0,9ad4555ee90b4f7dfba706c5a2ddfff7,view,2023-09-12 08:00:00.000000,1669.0,1669,66.0,Male,Blouse,Clothing,33,Utah,L,Charcoal,Summer,4.0,No,Standard,Yes,Yes,28.0,Debit Card,Fortnightly,2023-09,2023-09,Low,Low,Low
1670.0,0f6d1311760ca1320f6b4fdcf7c3fc45,like,2023-10-12 08:00:00.000000,1670.0,1670,42.0,Male,T-shirt,Clothing,59,Wisconsin,L,Maroon,Winter,2.7,No,Store Pickup,Yes,Yes,22.0,Bank Transfer,Quarterly,2023-10,2023-10,Medium,Medium,Medium
1671.0,aa29454b1bcf838c67ed85c7689cc4f9,like,2023-11-12 08:00:00.000000,1671.0,1671,22.0,Male,Pants,Clothing,73,Utah,L,Cyan,Fall,3.6,No,Free Shipping,Yes,Yes,20.0,Cash,Weekly,2023-11,2023-11,Medium,Medium,Medium
1672.0,6a23176847968421912a6ba6097b4c4a,purchase,2023-12-12 08:00:00.000000,1672.0,1672,31.0,Male,Hoodie,Clothing,22,Utah,M,Olive,Winter,4.0,No,Free Shipping,Yes,Yes,25.0,Bank Transfer,Weekly,2023-12,2023-12,Low,Low,Low
1689.0,a3e8b0c1c0c217ed736f2be67458d13d,,2023-01-01 00:00:00.000000,1689.0,1689,28.0,Male,Handbag,Accessories,26,Mississippi,S,Peach,Winter,3.0,No,Next Day Air,No,No,13.0,Venmo,Fortnightly,2023-01,2023-01,Low,Low,Low
1694.0,2741126c609042bca80bd1bca7636dd5,like,2023-01-01 10:00:00.000000,1694.0,1694,63.0,Male,Jacket,Outerwear,88,Tennessee,XL,Olive,Fall,4.9,No,Standard,No,No,45.0,Bank Transfer,Fortnightly,2023-01,2023-01,High,High,High
1695.0,2ff6308de3f9a482afe4bfcbe29dc983,purchase,2023-02-01 10:00:00.000000,1695.0,1695,20.0,Male,Shirt,Clothing,67,Mississippi,M,Turquoise,Summer,2.7,No,Express,No,No,20.0,Debit Card,Fortnightly,2023-02,2023-02,Medium,Medium,Medium
1696.0,bf904d2bfd5ade9896880d02c0f60e7d,view,2023-03-01 10:00:00.000000,1696.0,1696,54.0,Male,Hat,Accessories,95,Nebraska,S,Yellow,Fall,4.7,No,2-Day Shipping,No,No,1.0,PayPal,Fortnightly,2023-03,2023-03,High,High,High
1697.0,a4d81a268e35aee03e56fce425b0c369,like,2023-04-01 10:00:00.000000,1697.0,1697,31.0,Male,Sunglasses,Accessories,69,West Virginia,S,Turquoise,Spring,4.0,No,Free Shipping,No,No,7.0,Credit Card,Bi-Weekly,2023-04,2023-04,Medium,Medium,Medium
1698.0,93a8a1e2a90621b9508282b65f835150,purchase,2023-05-01 10:00:00.000000,1698.0,1698,36.0,Male,Shirt,Clothing,87,South Carolina,L,Lavender,Fall,3.5,No,Next Day Air,No,No,48.0,Credit Card,Every 3 Months,2023-05,2023-05,High,High,High
1699.0,2969f13a1ddd42bb98faf6dbbaf310fc,purchase,2023-06-01 10:00:00.000000,1699.0,1699,25.0,Male,Belt,Accessories,41,Iowa,XL,Turquoise,Winter,4.8,No,Standard,No,No,46.0,Bank Transfer,Quarterly,2023-06,2023-06,Low,Low,Low
1700.0,547caf0ccca5a897537d5cbf1653eadb,purchase,2023-07-01 10:00:00.000000,1700.0,1700,20.0,Male,Sweater,Clothing,67,North Dakota,L,Teal,Spring,4.0,No,Free Shipping,No,No,34.0,Debit Card,Annually,2023-07,2023-07,Medium,Medium,Medium
1701.0,7921cf9e1ebb1479b2cd26fcd67af437,view,2023-08-01 10:00:00.000000,1701.0,1701,62.0,Male,Hoodie,Clothing,70,West Virginia,L,Black,Fall,4.1,No,Express,No,No,36.0,Bank Transfer,Monthly,2023-08,2023-08,Medium,Medium,Medium
1702.0,63996948943d182ebbfb500de12f5abd,like,2023-09-01 10:00:00.000000,1702.0,1702,69.0,Male,Handbag,Accessories,41,Mississippi,XL,Blue,Winter,3.8,No,Next Day Air,No,No,44.0,Debit Card,Every 3 Months,2023-09,2023-09,Low,Low,Low
1703.0,6799e7f521fa060a983a4b153f2eb9f9,view,2023-10-01 10:00:00.000000,1703.0,1703,54.0,Male,Jeans,Clothing,83,Alabama,XL,Yellow,Summer,5.0,No,Express,No,No,48.0,Bank Transfer,Weekly,2023-10,2023-10,High,High,High
1704.0,286e9fe0e46be24f183dc652ab99c61a,like,2023-11-01 10:00:00.000000,1704.0,1704,39.0,Male,Backpack,Accessories,22,California,M,Black,Spring,4.0,No,Next Day Air,No,No,12.0,Bank Transfer,Annually,2023-11,2023-11,Low,Low,Low
1705.0,aff5193024631920663f2e1a6daec64d,like,2023-12-01 10:00:00.000000,1705.0,1705,56.0,Male,Sneakers,Footwear,20,Idaho,M,Lavender,Summer,3.9,No,Store Pickup,No,No,19.0,Cash,Every 3 Months,2023-12,2023-12,Low,Low,Low
1725.0,1b901ebddf2426682386f888c21b3fea,like,2023-01-02 10:00:00.000000,1725.0,1725,42.0,Male,Shoes,Footwear,72,Delaware,S,Teal,Winter,3.3,No,Free Shipping,No,No,21.0,PayPal,Weekly,2023-01,2023-01,Medium,Medium,Medium
1726.0,3bebc3b64d33b21f884595b70079fd50,like,2023-02-02 10:00:00.000000,1726.0,1726,45.0,Male,Sunglasses,Accessories,33,Massachusetts,M,Indigo,Spring,3.0,No,Next Day Air,No,No,32.0,Venmo,Quarterly,2023-02,2023-02,Low,Low,Low
1727.0,17fb95a0504283cca4902005d7ca858d,purchase,2023-03-02 10:00:00.000000,1727.0,1727,57.0,Male,Coat,Outerwear,28,Indiana,S,Olive,Summer,2.8,No,Express,No,No,45.0,Debit Card,Weekly,2023-03,2023-03,Low,Low,Low
1728.0,67ad164386c54767ceef03660ab71042,view,2023-04-02 10:00:00.000000,1728.0,1728,49.0,Male,Blouse,Clothing,53,Virginia,S,Violet,Spring,4.0,No,Express,No,No,19.0,PayPal,Monthly,2023-04,2023-04,Medium,Medium,Medium
1729.0,e4a6c7c463b444ce2982de595d95e69f,like,2023-05-02 10:00:00.000000,1729.0,1729,23.0,Male,Jeans,Clothing,48,Wyoming,L,Black,Fall,4.3,No,Express,No,No,1.0,Debit Card,Every 3 Months,2023-05,2023-05,Medium,Medium,Medium
1730.0,1603668fd25c65096a7c87cffd07d974,purchase,2023-06-02 10:00:00.000000,1730.0,1730,47.0,Male,Shorts,Clothing,21,Illinois,M,Brown,Winter,3.8,No,Store Pickup,No,No,12.0,Venmo,Fortnightly,2023-06,2023-06,Low,Low,Low
1731.0,3ed4bd275b6e80623cbff5bfed744923,purchase,2023-07-02 10:00:00.000000,1731.0,1731,23.0,Male,Shirt,Clothing,22,Alabama,S,Silver,Fall,4.2,No,Free Shipping,No,No,26.0,Credit Card,Weekly,2023-07,2023-07,Low,Low,Low
1732.0,2613489830ad368e90a61f6ba6b5f790,view,2023-08-02 10:00:00.000000,1732.0,1732,21.0,Male,Backpack,Accessories,87,Idaho,M,Gray,Fall,3.1,No,Next Day Air,No,No,12.0,Cash,Monthly,2023-08,2023-08,High,High,High
1733.0,6ad4a56d16294c5aae2704787d9343b4,like,2023-09-02 10:00:00.000000,1733.0,1733,45.0,Male,Belt,Accessories,50,Rhode Island,S,Charcoal,Winter,2.6,No,Free Shipping,No,No,36.0,Cash,Every 3 Months,2023-09,2023-09,Medium,Medium,Medium
1734.0,db5cf1c4fe630764cbe0551a2ce2114a,view,2023-10-02 10:00:00.000000,1734.0,1734,67.0,Male,Blouse,Clothing,85,New York,L,Black,Summer,3.4,No,Express,No,No,22.0,Credit Card,Annually,2023-10,2023-10,High,High,High
1735.0,1be543b90ef277e89e2d8b2dbf8aed01,like,2023-11-02 10:00:00.000000,1735.0,1735,31.0,Male,Jeans,Clothing,98,Missouri,L,Brown,Spring,3.1,No,Next Day Air,No,No,16.0,PayPal,Quarterly,2023-11,2023-11,High,High,High
1736.0,191d2499aab47b8e73d5f58b927dde48,like,2023-12-02 10:00:00.000000,1736.0,1736,58.0,Male,Dress,Clothing,34,Texas,M,Purple,Winter,3.6,No,Express,No,No,31.0,Venmo,Annually,2023-12,2023-12,Low,Low,Low
1753.0,aaad7e9202d0da7a08a3649127a8a834,like,2023-01-03 10:00:00.000000,1753.0,1753,34.0,Male,Boots,Footwear,29,South Dakota,L,Blue,Winter,3.3,No,Store Pickup,No,No,14.0,Venmo,Quarterly,2023-01,2023-01,Low,Low,Low
1754.0,48d3a4eddb45e6ecbee4b78438846baa,purchase,2023-02-03 10:00:00.000000,1754.0,1754,25.0,Male,Skirt,Clothing,27,Colorado,L,Black,Fall,4.8,No,Next Day Air,No,No,23.0,Credit Card,Fortnightly,2023-02,2023-02,Low,Low,Low
1755.0,909a0b4dd56439cfb197c85a95995079,view,2023-03-03 10:00:00.000000,1755.0,1755,66.0,Male,Dress,Clothing,93,Massachusetts,S,Beige,Fall,3.8,No,2-Day Shipping,No,No,18.0,Credit Card,Fortnightly,2023-03,2023-03,High,High,High
1756.0,ade4d65e77f2c92815178040bee0740f,like,2023-04-03 10:00:00.000000,1756.0,1756,56.0,Male,Belt,Accessories,20,Delaware,XL,Charcoal,Spring,4.6,No,Next Day Air,No,No,45.0,Cash,Monthly,2023-04,2023-04,Low,Low,Low
1757.0,860fd818448f5877f76b318fb2cc7b33,purchase,2023-05-03 10:00:00.000000,1757.0,1757,49.0,Male,Jewelry,Accessories,55,New Hampshire,S,Cyan,Fall,2.8,No,Free Shipping,No,No,14.0,Bank Transfer,Weekly,2023-05,2023-05,Medium,Medium,Medium
1758.0,dc4aa41457bc7d1736fa17d9f8200208,purchase,2023-06-03 10:00:00.000000,1758.0,1758,19.0,Male,Dress,Clothing,94,Michigan,L,Yellow,Fall,3.6,No,Standard,No,No,48.0,Debit Card,Annually,2023-06,2023-06,High,High,High
1759.0,817b7e0e707f885b41ee96e1e2edc8f2,view,2023-07-03 10:00:00.000000,1759.0,1759,27.0,Male,Hat,Accessories,56,Pennsylvania,M,Silver,Winter,4.3,No,Free Shipping,No,No,17.0,Venmo,Bi-Weekly,2023-07,2023-07,Medium,Medium,Medium
1760.0,35b8c6d05e89f7f5832cce7d82b1637c,like,2023-08-03 10:00:00.000000,1760.0,1760,68.0,Male,Sweater,Clothing,58,Louisiana,L,Green,Spring,4.0,No,Next Day Air,No,No,1.0,PayPal,Weekly,2023-08,2023-08,Medium,Medium,Medium
1761.0,192afc245a03640fedd0ae439f4a0187,view,2023-09-03 10:00:00.000000,1761.0,1761,20.0,Male,Skirt,Clothing,44,Minnesota,XL,Peach,Spring,3.5,No,Standard,No,No,39.0,PayPal,Weekly,2023-09,2023-09,Low,Low,Low
1762.0,a65b30d13c41a5d010242d057787bcb6,like,2023-10-03 10:00:00.000000,1762.0,1762,21.0,Male,Hoodie,Clothing,95,Hawaii,S,Green,Fall,4.9,No,2-Day Shipping,No,No,24.0,Cash,Weekly,2023-10,2023-10,High,High,High
1763.0,ce18350472569b2812cfade19216829b,like,2023-11-03 10:00:00.000000,1763.0,1763,36.0,Male,Sandals,Footwear,42,Idaho,M,Brown,Summer,3.1,No,Express,No,No,41.0,Bank Transfer,Fortnightly,2023-11,2023-11,Low,Low,Low
1764.0,3bc9beff4cc19c013a2fa39352f7d57f,purchase,2023-12-03 10:00:00.000000,1764.0,1764,37.0,Male,Jewelry,Accessories,93,Vermont,M,Lavender,Winter,3.9,No,Store Pickup,No,No,28.0,PayPal,Annually,2023-12,2023-12,High,High,High
1784.0,60974e2b09733809318676ee8dd90d10,purchase,2023-01-04 10:00:00.000000,1784.0,1784,42.0,Male,Handbag,Accessories,49,Ohio,L,Lavender,Winter,3.3,No,Free Shipping,No,No,30.0,Credit Card,Monthly,2023-01,2023-01,Medium,Medium,Medium
1785.0,840be7878c2e0d4c550ee182484555d2,view,2023-02-04 10:00:00.000000,1785.0,1785,32.0,Male,Backpack,Accessories,31,Louisiana,L,Yellow,Summer,4.8,No,Standard,No,No,4.0,Debit Card,Quarterly,2023-02,2023-02,Low,Low,Low
1786.0,9fe272e3ed9256d51be623dd62fffd15,like,2023-03-04 10:00:00.000000,1786.0,1786,47.0,Male,Gloves,Accessories,29,Iowa,S,Peach,Fall,4.1,No,Next Day Air,No,No,22.0,Venmo,Monthly,2023-03,2023-03,Low,Low,Low
1787.0,cae5f5fca71ddb4c02f43be5957747b4,purchase,2023-04-04 10:00:00.000000,1787.0,1787,45.0,Male,Jacket,Outerwear,34,Maryland,M,Brown,Spring,4.6,No,2-Day Shipping,No,No,22.0,Venmo,Monthly,2023-04,2023-04,Low,Low,Low
1788.0,1f5c35a79325b8239e65aa22ffa96b61,purchase,2023-05-04 10:00:00.000000,1788.0,1788,20.0,Male,Sweater,Clothing,38,Montana,L,Gold,Fall,4.9,No,2-Day Shipping,No,No,10.0,Bank Transfer,Quarterly,2023-05,2023-05,Low,Low,Low
1789.0,450900472e6ed6dfbf52ce122d48f719,view,2023-06-04 10:00:00.000000,1789.0,1789,66.0,Male,Blouse,Clothing,41,Illinois,L,Pink,Summer,3.1,No,Store Pickup,No,No,23.0,Cash,Bi-Weekly,2023-06,2023-06,Low,Low,Low
1790.0,913865d2311609625d6d3e0aab470ffd,like,2023-07-04 10:00:00.000000,1790.0,1790,52.0,Male,Blouse,Clothing,34,Arizona,L,Peach,Spring,3.0,No,2-Day Shipping,No,No,43.0,Debit Card,Quarterly,2023-07,2023-07,Low,Low,Low
1791.0,1a578718522682b1787ceba7c70a02be,view,2023-08-04 10:00:00.000000,1791.0,1791,50.0,Male,Gloves,Accessories,26,North Carolina,S,Violet,Summer,3.7,No,Store Pickup,No,No,31.0,PayPal,Bi-Weekly,2023-08,2023-08,Low,Low,Low
1792.0,7f2ff8b856798ccb32e28f35a25709b2,like,2023-09-04 10:00:00.000000,1792.0,1792,62.0,Male,Jeans,Clothing,98,Montana,S,Purple,Winter,4.0,No,Store Pickup,No,No,38.0,Cash,Annually,2023-09,2023-09,High,High,High
1793.0,881f95f1ed5c2d58f9da6b5ea6086e72,like,2023-10-04 10:00:00.000000,1793.0,1793,38.0,Male,Sneakers,Footwear,59,Iowa,M,Peach,Fall,3.0,No,Express,No,No,22.0,Debit Card,Every 3 Months,2023-10,2023-10,Medium,Medium,Medium
1794.0,2fb7543fd8be4a9745215d3ad0d5b816,purchase,2023-11-04 10:00:00.000000,1794.0,1794,65.0,Male,Hat,Accessories,92,Iowa,S,White,Fall,3.8,No,Store Pickup,No,No,45.0,Cash,Every 3 Months,2023-11,2023-11,High,High,High
1795.0,3943d037e6b2be297d3b5b3a42718c20,view,2023-12-04 10:00:00.000000,1795.0,1795,60.0,Male,Backpack,Accessories,40,Ohio,L,Indigo,Spring,3.7,No,Express,No,No,21.0,Debit Card,Fortnightly,2023-12,2023-12,Low,Low,Low
1814.0,eeaaf71235feaae48f9bfa48766828da,like,2023-01-05 10:00:00.000000,1814.0,1814,40.0,Male,Shorts,Clothing,62,Illinois,M,Olive,Spring,3.5,No,Free Shipping,No,No,24.0,PayPal,Weekly,2023-01,2023-01,Medium,Medium,Medium
1815.0,cb955ef130363711479b839f6b010290,like,2023-02-05 10:00:00.000000,1815.0,1815,32.0,Male,Jeans,Clothing,92,Montana,M,White,Summer,3.8,No,Free Shipping,No,No,24.0,Cash,Quarterly,2023-02,2023-02,High,High,High
1816.0,7d8f06ef04b4444276f9607ff191d230,purchase,2023-03-05 10:00:00.000000,1816.0,1816,51.0,Male,Shoes,Footwear,72,New Mexico,L,White,Winter,4.5,No,2-Day Shipping,No,No,48.0,Credit Card,Every 3 Months,2023-03,2023-03,Medium,Medium,Medium
1817.0,3784e579487e6dd8192eed507e2aef5f,view,2023-04-05 10:00:00.000000,1817.0,1817,26.0,Male,Hat,Accessories,79,Virginia,M,Purple,Summer,4.0,No,Express,No,No,4.0,Cash,Weekly,2023-04,2023-04,High,High,High
1818.0,7ec24e5ab37cc272cf5d8eaa4d6ab0de,like,2023-05-05 10:00:00.000000,1818.0,1818,32.0,Male,T-shirt,Clothing,27,Delaware,M,White,Summer,4.7,No,Free Shipping,No,No,20.0,Cash,Weekly,2023-05,2023-05,Low,Low,Low
1819.0,216b5ccf245274404407a319e5b63311,purchase,2023-06-05 10:00:00.000000,1819.0,1819,58.0,Male,Sunglasses,Accessories,39,North Carolina,M,White,Fall,3.8,No,Express,No,No,47.0,Debit Card,Every 3 Months,2023-06,2023-06,Low,Low,Low
1820.0,7e77af72a8bde02238d291bdd169fdbf,purchase,2023-07-05 10:00:00.000000,1820.0,1820,51.0,Male,Socks,Clothing,86,Nevada,S,Peach,Spring,4.5,No,Next Day Air,No,No,50.0,Cash,Quarterly,2023-07,2023-07,High,High,High
1821.0,a14557237d9d72f602af0ce88fa376a9,view,2023-08-05 10:00:00.000000,1821.0,1821,19.0,Male,Shirt,Clothing,94,Washington,XL,Gold,Fall,5.0,No,Express,No,No,31.0,PayPal,Monthly,2023-08,2023-08,High,High,High
1822.0,122e4da9231998851c6a0fc276c40f92,like,2023-09-05 10:00:00.000000,1822.0,1822,57.0,Male,Shorts,Clothing,53,Maine,M,Teal,Spring,2.8,No,Express,No,No,29.0,PayPal,Quarterly,2023-09,2023-09,Medium,Medium,Medium
1823.0,cd46eda787cc62aa78e51b006ccb5eb1,view,2023-10-05 10:00:00.000000,1823.0,1823,66.0,Male,Shirt,Clothing,85,Connecticut,S,Cyan,Summer,4.4,No,Standard,No,No,4.0,Cash,Annually,2023-10,2023-10,High,High,High
1824.0,3b02eba56ff216d6812875ac4c062c95,like,2023-11-05 10:00:00.000000,1824.0,1824,62.0,Male,Socks,Clothing,50,Louisiana,L,Pink,Fall,4.7,No,Free Shipping,No,No,40.0,Bank Transfer,Bi-Weekly,2023-11,2023-11,Medium,Medium,Medium
1825.0,72924e8090be4ba1cba8e18a94c40edb,like,2023-12-05 10:00:00.000000,1825.0,1825,58.0,Male,Pants,Clothing,47,Illinois,XL,Magenta,Winter,3.8,No,Express,No,No,31.0,Cash,Monthly,2023-12,2023-12,Medium,Medium,Medium
1845.0,29a31690c62d2afa8263703d36e787fb,like,2023-01-06 10:00:00.000000,1845.0,1845,60.0,Male,Shorts,Clothing,26,South Dakota,M,Purple,Spring,2.7,No,2-Day Shipping,No,No,31.0,Credit Card,Annually,2023-01,2023-01,Low,Low,Low
1846.0,ab8dfc3b248830af69e54505d22f2772,purchase,2023-02-06 10:00:00.000000,1846.0,1846,51.0,Male,Sandals,Footwear,78,Delaware,M,Orange,Winter,2.8,No,2-Day Shipping,No,No,39.0,Bank Transfer,Quarterly,2023-02,2023-02,High,High,High
1847.0,52be53b216df12a64622e099947bae14,view,2023-03-06 10:00:00.000000,1847.0,1847,68.0,Male,Scarf,Accessories,53,Wisconsin,M,Yellow,Summer,2.9,No,Standard,No,No,9.0,Venmo,Quarterly,2023-03,2023-03,Medium,Medium,Medium
1848.0,3b5cf7ad235e94e7a67aa995260fd832,like,2023-04-06 10:00:00.000000,1848.0,1848,46.0,Male,Sandals,Footwear,100,Arizona,XL,Cyan,Summer,4.4,No,Free Shipping,No,No,49.0,Credit Card,Weekly,2023-04,2023-04,High,High,High
1849.0,9f14997e028e255059ef5c68094ea325,purchase,2023-05-06 10:00:00.000000,1849.0,1849,19.0,Male,Jeans,Clothing,73,Maine,XL,Yellow,Winter,2.7,No,Express,No,No,34.0,Cash,Every 3 Months,2023-05,2023-05,Medium,Medium,Medium
1850.0,1f6f28d81c392bcb44d4b807b6888298,purchase,2023-06-06 10:00:00.000000,1850.0,1850,30.0,Male,Skirt,Clothing,40,New Mexico,M,Maroon,Winter,4.5,No,Store Pickup,No,No,35.0,Bank Transfer,Monthly,2023-06,2023-06,Low,Low,Low
1851.0,345480da7e39e64fc6a33cc554ea7345,view,2023-07-06 10:00:00.000000,1851.0,1851,51.0,Male,Gloves,Accessories,76,Wyoming,S,Black,Winter,2.8,No,Store Pickup,No,No,50.0,Debit Card,Weekly,2023-07,2023-07,High,High,High
1852.0,7696fa994509995feb8d1dd594fbed84,like,2023-08-06 10:00:00.000000,1852.0,1852,28.0,Male,Skirt,Clothing,80,Delaware,S,Lavender,Fall,3.1,No,Free Shipping,No,No,4.0,Bank Transfer,Fortnightly,2023-08,2023-08,High,High,High
1853.0,2144315a823e47df748abef74f8d68dc,view,2023-09-06 10:00:00.000000,1853.0,1853,41.0,Male,Sweater,Clothing,80,Pennsylvania,XL,Violet,Winter,3.8,No,Store Pickup,No,No,32.0,Cash,Weekly,2023-09,2023-09,High,High,High
1854.0,2a59cafd14d1da50ba3c8d9406e92675,like,2023-10-06 10:00:00.000000,1854.0,1854,29.0,Male,Blouse,Clothing,67,North Dakota,XL,Olive,Spring,2.9,No,Express,No,No,11.0,PayPal,Fortnightly,2023-10,2023-10,Medium,Medium,Medium
1855.0,6a0cb7f471343c21b987db96e579bff6,like,2023-11-06 10:00:00.000000,1855.0,1855,25.0,Male,Sweater,Clothing,61,Kentucky,M,Teal,Spring,3.8,No,Express,No,No,49.0,Credit Card,Annually,2023-11,2023-11,Medium,Medium,Medium
1856.0,9943ed318747991fd9c21f72c370f966,purchase,2023-12-06 10:00:00.000000,1856.0,1856,60.0,Male,Shirt,Clothing,76,Rhode Island,XL,Teal,Spring,4.7,No,Standard,No,No,9.0,Cash,Annually,2023-12,2023-12,High,High,High
1875.0,5b0c9529c2585f8fe73944644b87b84c,view,2023-01-07 10:00:00.000000,1875.0,1875,67.0,Male,Pants,Clothing,33,Indiana,L,Purple,Fall,3.6,No,Free Shipping,No,No,14.0,Cash,Weekly,2023-01,2023-01,Low,Low,Low
1876.0,f52b4aaac627e665d3cb940c3a67e122,like,2023-02-07 10:00:00.000000,1876.0,1876,63.0,Male,Boots,Footwear,71,Tennessee,M,Brown,Winter,3.9,No,Next Day Air,No,No,6.0,Credit Card,Quarterly,2023-02,2023-02,Medium,Medium,Medium
1877.0,f22906d6acc8b880277de18101500d6b,view,2023-03-07 10:00:00.000000,1877.0,1877,54.0,Male,Skirt,Clothing,36,Illinois,M,Gray,Fall,2.6,No,Standard,No,No,20.0,Venmo,Quarterly,2023-03,2023-03,Low,Low,Low
1878.0,be7f9980640110b6630b77e1165e18f4,like,2023-04-07 10:00:00.000000,1878.0,1878,69.0,Male,Gloves,Accessories,62,Pennsylvania,L,Pink,Fall,3.6,No,Express,No,No,3.0,Credit Card,Annually,2023-04,2023-04,Medium,Medium,Medium
1879.0,6a1abdfebf4bef17d19c781c60dcee41,like,2023-05-07 10:00:00.000000,1879.0,1879,34.0,Male,Socks,Clothing,29,Oklahoma,L,Magenta,Summer,3.4,No,Store Pickup,No,No,5.0,Credit Card,Monthly,2023-05,2023-05,Low,Low,Low
1880.0,e1c051eec31dad04a94b17628e52b64d,purchase,2023-06-07 10:00:00.000000,1880.0,1880,56.0,Male,T-shirt,Clothing,33,Tennessee,L,Charcoal,Spring,3.5,No,Express,No,No,46.0,Cash,Bi-Weekly,2023-06,2023-06,Low,Low,Low
1881.0,5689aabb0a4b791e8061bff0b04eddf6,view,2023-07-07 10:00:00.000000,1881.0,1881,34.0,Male,Blouse,Clothing,33,New Jersey,L,Yellow,Fall,3.1,No,2-Day Shipping,No,No,8.0,Debit Card,Monthly,2023-07,2023-07,Low,Low,Low
1882.0,995aae144273c2ae36d856c86955af97,like,2023-08-07 10:00:00.000000,1882.0,1882,58.0,Male,Blouse,Clothing,41,New Jersey,M,Red,Winter,4.3,No,Standard,No,No,13.0,Cash,Bi-Weekly,2023-08,2023-08,Low,Low,Low
1883.0,4ca120b479469d379fc383df57416eff,purchase,2023-09-07 10:00:00.000000,1883.0,1883,44.0,Male,Scarf,Accessories,54,Tennessee,L,Blue,Winter,5.0,No,Store Pickup,No,No,25.0,Bank Transfer,Quarterly,2023-09,2023-09,Medium,Medium,Medium
1884.0,748bdef3e76a6beba388931543cf522c,purchase,2023-10-07 10:00:00.000000,1884.0,1884,25.0,Male,Backpack,Accessories,58,Georgia,M,Cyan,Spring,4.9,No,Store Pickup,No,No,39.0,Debit Card,Fortnightly,2023-10,2023-10,Medium,Medium,Medium
1885.0,301e81920ef51987cfc54c2221f4333f,view,2023-11-07 10:00:00.000000,1885.0,1885,27.0,Male,Shorts,Clothing,30,Arizona,S,Pink,Summer,4.3,No,Next Day Air,No,No,15.0,Bank Transfer,Bi-Weekly,2023-11,2023-11,Low,Low,Low
1886.0,8f3b10e79b1d4f1f9e0da259ba9e651b,like,2023-12-07 10:00:00.000000,1886.0,1886,26.0,Male,Jewelry,Accessories,53,Nevada,S,Maroon,Winter,4.4,No,Standard,No,No,35.0,Cash,Monthly,2023-12,2023-12,Medium,Medium,Medium
1888.0,82dfe33ab308adabcf5c6957a789346c,like,2023-10-10 08:00:00.000000,1888.0,1888,64.0,Male,Hoodie,Clothing,44,North Dakota,XL,Gold,Fall,3.5,No,Express,No,No,3.0,PayPal,Monthly,2023-10,2023-10,Low,Low,Low
1889.0,c242adc7b224e824de5723818aca7abb,like,2023-11-10 08:00:00.000000,1889.0,1889,62.0,Male,Hoodie,Clothing,89,South Dakota,XL,Turquoise,Winter,3.4,No,Free Shipping,No,No,48.0,Credit Card,Weekly,2023-11,2023-11,High,High,High
1890.0,46c91d65a8523a224cab017cc46552c2,purchase,2023-12-10 08:00:00.000000,1890.0,1890,59.0,Male,Skirt,Clothing,57,North Carolina,L,Peach,Spring,2.5,No,Next Day Air,No,No,27.0,Bank Transfer,Weekly,2023-12,2023-12,Medium,Medium,Medium
1910.0,45fc6b15459d6667164a3e09ed3036b3,purchase,2023-01-11 08:00:00.000000,1910.0,1910,50.0,Male,Sweater,Clothing,84,Kentucky,S,Black,Spring,4.3,No,Store Pickup,No,No,12.0,Credit Card,Monthly,2023-01,2023-01,High,High,High
1911.0,eb02a6e49d228789dda3aee403606945,view,2023-02-11 08:00:00.000000,1911.0,1911,29.0,Male,Sandals,Footwear,38,New York,S,Yellow,Fall,3.8,No,Express,No,No,13.0,Debit Card,Quarterly,2023-02,2023-02,Low,Low,Low
1912.0,cdb42c323f1b0d809fae236783a38c39,like,2023-03-11 08:00:00.000000,1912.0,1912,65.0,Male,Jewelry,Accessories,81,Arizona,M,Gray,Spring,4.9,No,Express,No,No,32.0,Debit Card,Bi-Weekly,2023-03,2023-03,High,High,High
1913.0,8c097955afb3f18a73888218691bdb5c,purchase,2023-04-11 08:00:00.000000,1913.0,1913,29.0,Male,Sweater,Clothing,56,Colorado,S,Charcoal,Winter,3.4,No,2-Day Shipping,No,No,5.0,Credit Card,Bi-Weekly,2023-04,2023-04,Medium,Medium,Medium
1914.0,b064b77fdc0659ff824d76a616d884c7,like,2023-05-11 08:00:00.000000,1914.0,1914,49.0,Male,Skirt,Clothing,48,Kentucky,M,Peach,Winter,3.6,No,Express,No,No,29.0,Cash,Annually,2023-05,2023-05,Medium,Medium,Medium
1915.0,57d948c97a424727cb0c1c62b284b85b,like,2023-06-11 08:00:00.000000,1915.0,1915,28.0,Male,Shorts,Clothing,97,Alaska,L,Green,Fall,3.4,No,Standard,No,No,40.0,Credit Card,Fortnightly,2023-06,2023-06,High,High,High
1916.0,0ca04465049344258a6a6c43662b2148,purchase,2023-07-11 08:00:00.000000,1916.0,1916,51.0,Male,Backpack,Accessories,74,Alabama,M,Magenta,Fall,4.7,No,2-Day Shipping,No,No,44.0,Cash,Weekly,2023-07,2023-07,High,High,High
1917.0,dc8903a0d52b282ad38bf05ba1387aa4,view,2023-08-11 08:00:00.000000,1917.0,1917,26.0,Male,Hoodie,Clothing,50,Connecticut,S,Beige,Winter,3.0,No,Next Day Air,No,No,3.0,Debit Card,Bi-Weekly,2023-08,2023-08,Medium,Medium,Medium
1918.0,b6db520b0b16a21614108808dd5ff6c9,like,2023-09-11 08:00:00.000000,1918.0,1918,38.0,Male,Skirt,Clothing,71,Hawaii,L,Black,Winter,3.4,No,Free Shipping,No,No,35.0,PayPal,Bi-Weekly,2023-09,2023-09,Medium,Medium,Medium
1919.0,4b933fa4f4706058f735d0697bbca624,view,2023-10-11 08:00:00.000000,1919.0,1919,35.0,Male,Skirt,Clothing,33,Idaho,S,Purple,Summer,4.6,No,Standard,No,No,33.0,Debit Card,Monthly,2023-10,2023-10,Low,Low,Low
1920.0,709d60ed9291dd94119e2a867b795995,like,2023-11-11 08:00:00.000000,1920.0,1920,34.0,Male,Backpack,Accessories,56,Virginia,M,Olive,Summer,3.1,No,Express,No,No,20.0,PayPal,Bi-Weekly,2023-11,2023-11,Medium,Medium,Medium
1921.0,16fb09faded2528baa06d924a5f050bf,like,2023-12-11 08:00:00.000000,1921.0,1921,51.0,Male,Blouse,Clothing,84,Connecticut,M,Purple,Spring,2.8,No,Standard,No,No,40.0,Cash,Every 3 Months,2023-12,2023-12,High,High,High
1940.0,b5d51c851e78bc4262fbd7534ca76d95,purchase,2023-01-12 08:00:00.000000,1940.0,1940,66.0,Male,Gloves,Accessories,57,Ohio,L,Magenta,Winter,3.7,No,Store Pickup,No,No,20.0,PayPal,Every 3 Months,2023-01,2023-01,Medium,Medium,Medium
1941.0,7696da17a6ac24c862f0df8017ed8fbf,purchase,2023-02-12 08:00:00.000000,1941.0,1941,50.0,Male,Hat,Accessories,89,Alaska,L,Gray,Fall,3.9,No,2-Day Shipping,No,No,48.0,PayPal,Fortnightly,2023-02,2023-02,High,High,High
1942.0,1f45338b8588b77739172876776b0c99,view,2023-03-12 08:00:00.000000,1942.0,1942,55.0,Male,Shoes,Footwear,99,Vermont,XL,Peach,Winter,3.3,No,Standard,No,No,46.0,Credit Card,Quarterly,2023-03,2023-03,High,High,High
1943.0,1b4927a056d49279a8f27c64dc53902a,like,2023-04-12 08:00:00.000000,1943.0,1943,63.0,Male,Pants,Clothing,28,Alabama,M,Cyan,Fall,3.4,No,Express,No,No,22.0,PayPal,Monthly,2023-04,2023-04,Low,Low,Low
1944.0,594a7f8c3a18ef27ab51ae0694a8d64c,view,2023-05-12 08:00:00.000000,1944.0,1944,32.0,Male,Socks,Clothing,53,Wisconsin,L,Violet,Summer,3.8,No,Next Day Air,No,No,45.0,Cash,Annually,2023-05,2023-05,Medium,Medium,Medium
1945.0,9622ac7b979f2394de2abc73f338655d,like,2023-06-12 08:00:00.000000,1945.0,1945,30.0,Male,Hoodie,Clothing,45,Arkansas,M,Gold,Winter,2.7,No,Free Shipping,No,No,49.0,Cash,Every 3 Months,2023-06,2023-06,Medium,Medium,Medium
1946.0,c1cc5393fd52a4495b2cbb15efd1e2b2,like,2023-07-12 08:00:00.000000,1946.0,1946,35.0,Male,Hoodie,Clothing,38,Georgia,M,Gold,Winter,2.9,No,2-Day Shipping,No,No,9.0,Credit Card,Every 3 Months,2023-07,2023-07,Low,Low,Low
1947.0,5badb8d6caca8e5b31e3d041f2eaf1ba,purchase,2023-08-12 08:00:00.000000,1947.0,1947,59.0,Male,Pants,Clothing,49,Louisiana,M,White,Summer,4.5,No,Standard,No,No,41.0,Credit Card,Quarterly,2023-08,2023-08,Medium,Medium,Medium
1948.0,a58b0123ef5ea7653e23d44f86935623,view,2023-09-12 08:00:00.000000,1948.0,1948,59.0,Male,Shirt,Clothing,32,New York,M,Gray,Summer,2.6,No,Store Pickup,No,No,2.0,PayPal,Monthly,2023-09,2023-09,Low,Low,Low
1949.0,b5b78ab35ed15a4cdefecd0983687dd3,like,2023-10-12 08:00:00.000000,1949.0,1949,54.0,Male,T-shirt,Clothing,37,Connecticut,L,Brown,Winter,3.1,No,Next Day Air,No,No,39.0,PayPal,Bi-Weekly,2023-10,2023-10,Low,Low,Low
1950.0,a93fd67197b7076b0e627ba0d3348800,purchase,2023-11-12 08:00:00.000000,1950.0,1950,63.0,Male,Dress,Clothing,80,Nebraska,L,Gray,Winter,4.7,No,Store Pickup,No,No,12.0,PayPal,Quarterly,2023-11,2023-11,High,High,High
1951.0,5cc9a9edf05f98ac19605c5d1e915125,purchase,2023-12-12 08:00:00.000000,1951.0,1951,43.0,Male,Backpack,Accessories,78,Arkansas,L,Blue,Summer,4.6,No,Free Shipping,No,No,26.0,PayPal,Every 3 Months,2023-12,2023-12,High,High,High
1968.0,fd907d4157e67662b805d79e05274e35,like,2023-01-01 00:00:00.000000,1968.0,1968,37.0,Male,Dress,Clothing,81,Georgia,L,Yellow,Fall,3.7,No,Standard,No,No,4.0,Venmo,Annually,2023-01,2023-01,High,High,High
1973.0,7d2028caf69438fa6f02f105f6f0556b,view,2023-01-01 10:00:00.000000,1973.0,1973,54.0,Male,Backpack,Accessories,31,Louisiana,M,Silver,Summer,3.3,No,Express,No,No,48.0,PayPal,Every 3 Months,2023-01,2023-01,Low,Low,Low
1974.0,9b025ffe7ac8780c0b4187cc81e87583,like,2023-02-01 10:00:00.000000,1974.0,1974,24.0,Male,Skirt,Clothing,20,Maryland,XL,Red,Fall,4.5,No,Standard,No,No,9.0,Venmo,Every 3 Months,2023-02,2023-02,Low,Low,Low
1975.0,61f9ce72eec3fb326fa78e528b4c7947,purchase,2023-03-01 10:00:00.000000,1975.0,1975,27.0,Male,Gloves,Accessories,44,Tennessee,M,Peach,Winter,4.6,No,2-Day Shipping,No,No,2.0,PayPal,Fortnightly,2023-03,2023-03,Low,Low,Low
1976.0,ddb7283c754a0ef2ed583fb5cbf58617,purchase,2023-04-01 10:00:00.000000,1976.0,1976,53.0,Male,Jacket,Outerwear,77,Illinois,L,Turquoise,Fall,2.9,No,Express,No,No,4.0,Cash,Quarterly,2023-04,2023-04,High,High,High
1977.0,ee799c218c2f235a5448cbda9f3827a8,purchase,2023-05-01 10:00:00.000000,1977.0,1977,32.0,Male,Handbag,Accessories,51,Wyoming,M,Pink,Spring,3.2,No,Next Day Air,No,No,43.0,PayPal,Fortnightly,2023-05,2023-05,Medium,Medium,Medium
1978.0,66a307d75bb29fa26643e896dad4e314,view,2023-06-01 10:00:00.000000,1978.0,1978,24.0,Male,Sandals,Footwear,49,Florida,M,Teal,Summer,2.6,No,Free Shipping,No,No,32.0,Bank Transfer,Annually,2023-06,2023-06,Medium,Medium,Medium
1979.0,1d8afc2fb1d7d4372d01b816c0a60ea2,like,2023-07-01 10:00:00.000000,1979.0,1979,45.0,Male,Sunglasses,Accessories,78,Massachusetts,L,Magenta,Spring,3.8,No,Store Pickup,No,No,1.0,Cash,Quarterly,2023-07,2023-07,High,High,High
1980.0,3374b17fd9111d5d3ffcce6693ba334b,view,2023-08-01 10:00:00.000000,1980.0,1980,49.0,Male,Jeans,Clothing,98,Tennessee,L,Blue,Spring,2.8,No,Store Pickup,No,No,38.0,Debit Card,Fortnightly,2023-08,2023-08,High,High,High
1981.0,e3da0412a75c9a1309fff6fb20e2fb5d,like,2023-09-01 10:00:00.000000,1981.0,1981,51.0,Male,Sandals,Footwear,94,Iowa,M,Green,Winter,4.4,No,Store Pickup,No,No,25.0,PayPal,Fortnightly,2023-09,2023-09,High,High,High
1982.0,b3c9b4a7dfcfb24667130f6be0001e74,like,2023-10-01 10:00:00.000000,1982.0,1982,69.0,Male,Shoes,Footwear,91,Michigan,L,Violet,Summer,4.7,No,Express,No,No,42.0,PayPal,Quarterly,2023-10,2023-10,High,High,High
1983.0,361891eb1d8c876824eaab718c8375bb,purchase,2023-11-01 10:00:00.000000,1983.0,1983,41.0,Male,Sunglasses,Accessories,77,Kansas,M,Turquoise,Summer,2.7,No,2-Day Shipping,No,No,32.0,PayPal,Monthly,2023-11,2023-11,High,High,High
1984.0,6b03e6d0ec1ed0bdc26272953c52f45c,view,2023-12-01 10:00:00.000000,1984.0,1984,59.0,Male,Scarf,Accessories,97,Georgia,M,Pink,Summer,2.6,No,Next Day Air,No,No,21.0,Debit Card,Quarterly,2023-12,2023-12,High,High,High
1997.0,e2cbdaa6b1ee6a738542f730368dc01b,purchase,2023-10-10 08:00:00.000000,1997.0,1997,67.0,Male,Sneakers,Footwear,27,South Dakota,L,Indigo,Summer,3.3,No,Next Day Air,No,No,18.0,Cash,Every 3 Months,2023-10,2023-10,Low,Low,Low
1998.0,491ca5b2eb12adcdae7e15757036a406,purchase,2023-11-10 08:00:00.000000,1998.0,1998,42.0,Male,Backpack,Accessories,25,Connecticut,M,Purple,Fall,4.7,No,Express,No,No,10.0,Debit Card,Bi-Weekly,2023-11,2023-11,Low,Low,Low
1999.0,17b8fc8be00d3c996848f3ff63798bf6,view,2023-12-10 08:00:00.000000,1999.0,1999,20.0,Male,Pants,Clothing,45,Vermont,M,Orange,Fall,3.4,No,2-Day Shipping,No,No,19.0,Cash,Quarterly,2023-12,2023-12,Medium,Medium,Medium
2019.0,085427cd553af7caa73e09ca3f1317ee,like,2023-01-11 08:00:00.000000,2019.0,2019,60.0,Male,Backpack,Accessories,97,Arkansas,S,Gold,Fall,4.5,No,Store Pickup,No,No,20.0,Bank Transfer,Weekly,2023-01,2023-01,High,High,High
2020.0,0fed7394d08a20f139e7b509f2e27a10,purchase,2023-02-11 08:00:00.000000,2020.0,2020,31.0,Male,Shirt,Clothing,68,Idaho,S,Red,Winter,4.7,No,Store Pickup,No,No,23.0,Cash,Fortnightly,2023-02,2023-02,Medium,Medium,Medium
2021.0,903f63a97a34ca99f954e47a87ec7064,view,2023-03-11 08:00:00.000000,2021.0,2021,41.0,Male,Sweater,Clothing,23,Pennsylvania,M,Beige,Winter,4.8,No,Next Day Air,No,No,26.0,Cash,Quarterly,2023-03,2023-03,Low,Low,Low
2022.0,8e2d1c745c285b5c459fff46d6ef04c4,like,2023-04-11 08:00:00.000000,2022.0,2022,62.0,Male,Handbag,Accessories,33,Maine,M,Green,Winter,4.4,No,Standard,No,No,48.0,Venmo,Quarterly,2023-04,2023-04,Low,Low,Low
2023.0,3563cc49f485b4c583616e7f0b22b1f0,purchase,2023-05-11 08:00:00.000000,2023.0,2023,59.0,Male,Jewelry,Accessories,38,Alabama,S,Black,Winter,4.0,No,Store Pickup,No,No,16.0,Cash,Bi-Weekly,2023-05,2023-05,Low,Low,Low
2024.0,d86ff1dce4aa66c35f2112767cfda33c,purchase,2023-06-11 08:00:00.000000,2024.0,2024,46.0,Male,Socks,Clothing,68,Idaho,S,Teal,Winter,4.1,No,Store Pickup,No,No,28.0,Cash,Bi-Weekly,2023-06,2023-06,Medium,Medium,Medium
2025.0,d3ac7ddcbed71321dc3dfd0dd43128f2,purchase,2023-07-11 08:00:00.000000,2025.0,2025,62.0,Male,Socks,Clothing,23,Arkansas,L,Silver,Fall,3.7,No,Express,No,No,39.0,PayPal,Weekly,2023-07,2023-07,Low,Low,Low
2026.0,dda4b0d65b67436f4a29db1a3972a413,view,2023-08-11 08:00:00.000000,2026.0,2026,42.0,Male,Shirt,Clothing,29,Delaware,M,Turquoise,Summer,3.0,No,Express,No,No,43.0,Debit Card,Fortnightly,2023-08,2023-08,Low,Low,Low
2027.0,71f3828d87cae64ff696df8749b8706b,like,2023-09-11 08:00:00.000000,2027.0,2027,37.0,Male,Scarf,Accessories,35,Maine,M,Orange,Winter,3.6,No,Express,No,No,45.0,Bank Transfer,Every 3 Months,2023-09,2023-09,Low,Low,Low
2028.0,1e42d7a305b680900173bd42ccc2afc7,view,2023-10-11 08:00:00.000000,2028.0,2028,50.0,Male,Shoes,Footwear,73,Nebraska,S,Gold,Fall,4.8,No,Standard,No,No,50.0,Credit Card,Every 3 Months,2023-10,2023-10,Medium,Medium,Medium
2029.0,49e45b8fb8e2856566cb5d49e30f1f9a,like,2023-11-11 08:00:00.000000,2029.0,2029,29.0,Male,Shoes,Footwear,84,Ohio,XL,Purple,Fall,3.7,No,2-Day Shipping,No,No,10.0,Venmo,Bi-Weekly,2023-11,2023-11,High,High,High
2030.0,f10a68e8b000af08a8708921a0dcd31c,like,2023-12-11 08:00:00.000000,2030.0,2030,25.0,Male,Scarf,Accessories,23,Montana,M,Pink,Spring,4.6,No,Next Day Air,No,No,40.0,PayPal,Quarterly,2023-12,2023-12,Low,Low,Low
2049.0,35d52c791e15bf3a4707fc0b6b5a55cd,like,2023-01-12 08:00:00.000000,2049.0,2049,45.0,Male,Sneakers,Footwear,64,Michigan,XL,Pink,Winter,3.9,No,Express,No,No,35.0,Bank Transfer,Quarterly,2023-01,2023-01,Medium,Medium,Medium
2050.0,614629a31cdf050dc538017b190d2217,like,2023-02-12 08:00:00.000000,2050.0,2050,68.0,Male,Boots,Footwear,24,Rhode Island,L,Blue,Fall,2.7,No,Standard,No,No,15.0,Venmo,Annually,2023-02,2023-02,Low,Low,Low
2051.0,17105b4712370ec57ab3f2e28bde40b0,purchase,2023-03-12 08:00:00.000000,2051.0,2051,35.0,Male,Hat,Accessories,96,Mississippi,M,Teal,Summer,3.4,No,Store Pickup,No,No,10.0,Debit Card,Annually,2023-03,2023-03,High,High,High
2052.0,e88505e82d23e47e5ef7c46654a74b48,view,2023-04-12 08:00:00.000000,2052.0,2052,65.0,Male,T-shirt,Clothing,94,Massachusetts,L,Black,Spring,3.8,No,Free Shipping,No,No,14.0,Credit Card,Monthly,2023-04,2023-04,High,High,High
2053.0,850ee77bdfeef697b124b657e367c143,like,2023-05-12 08:00:00.000000,2053.0,2053,45.0,Male,Backpack,Accessories,48,New Hampshire,M,Gray,Winter,3.7,No,2-Day Shipping,No,No,30.0,Bank Transfer,Annually,2023-05,2023-05,Medium,Medium,Medium
2054.0,325affdedb32006be8c29d3371ebd60a,purchase,2023-06-12 08:00:00.000000,2054.0,2054,19.0,Male,Sunglasses,Accessories,60,Wyoming,S,Purple,Spring,4.5,No,2-Day Shipping,No,No,16.0,Credit Card,Fortnightly,2023-06,2023-06,Medium,Medium,Medium
2055.0,8cc2a9f0f4a0ed1cd7ca951d5a33a583,purchase,2023-07-12 08:00:00.000000,2055.0,2055,65.0,Male,Sweater,Clothing,56,New Jersey,XL,Gold,Spring,2.9,No,Express,No,No,14.0,PayPal,Annually,2023-07,2023-07,Medium,Medium,Medium
2056.0,a17f6b949177a4d8aafb459eed7fac0a,view,2023-08-12 08:00:00.000000,2056.0,2056,28.0,Male,Handbag,Accessories,33,Texas,M,Silver,Fall,3.4,No,2-Day Shipping,No,No,28.0,Bank Transfer,Weekly,2023-08,2023-08,Low,Low,Low
2057.0,534dadfc5d3cfb9a3458dc4d0cb33ca5,like,2023-09-12 08:00:00.000000,2057.0,2057,55.0,Male,Backpack,Accessories,46,Minnesota,L,Blue,Spring,4.4,No,2-Day Shipping,No,No,29.0,PayPal,Monthly,2023-09,2023-09,Medium,Medium,Medium
2058.0,1218b892ff19561f087bbad49fe837e3,view,2023-10-12 08:00:00.000000,2058.0,2058,66.0,Male,Socks,Clothing,37,South Dakota,L,Yellow,Spring,4.2,No,Standard,No,No,5.0,PayPal,Every 3 Months,2023-10,2023-10,Low,Low,Low
2059.0,03740b7fd59e36a3a753d1e89f7f3257,like,2023-11-12 08:00:00.000000,2059.0,2059,29.0,Male,Shirt,Clothing,98,Washington,M,Brown,Winter,3.3,No,Store Pickup,No,No,17.0,Bank Transfer,Quarterly,2023-11,2023-11,High,High,High
2060.0,3854023db5efc48adbf1810bd97ed554,like,2023-12-12 08:00:00.000000,2060.0,2060,56.0,Male,Shorts,Clothing,50,California,XL,Beige,Spring,3.7,No,Express,No,No,50.0,PayPal,Weekly,2023-12,2023-12,Medium,Medium,Medium
2077.0,93a26465409a60e7d2b1e3f82ba21ae3,like,2023-01-01 00:00:00.000000,2077.0,2077,59.0,Male,Gloves,Accessories,23,Florida,S,Indigo,Fall,4.6,No,Free Shipping,No,No,22.0,Debit Card,Bi-Weekly,2023-01,2023-01,Low,Low,Low
2082.0,ab0b5aac08fe8efa36f40715f5c9cd70,view,2023-01-01 10:00:00.000000,2082.0,2082,24.0,Male,Coat,Outerwear,78,Alabama,S,Cyan,Spring,4.3,No,Standard,No,No,48.0,Bank Transfer,Bi-Weekly,2023-01,2023-01,High,High,High
2083.0,3a63d73dba46b65fb2017d4039b0a733,like,2023-02-01 10:00:00.000000,2083.0,2083,41.0,Male,Jeans,Clothing,89,Arkansas,M,Yellow,Summer,2.9,No,Free Shipping,No,No,28.0,Venmo,Every 3 Months,2023-02,2023-02,High,High,High
2084.0,93e77d8a19b231249ecd9f0d149ffe16,purchase,2023-03-01 10:00:00.000000,2084.0,2084,41.0,Male,Scarf,Accessories,59,Mississippi,L,Orange,Fall,2.7,No,Store Pickup,No,No,26.0,Credit Card,Fortnightly,2023-03,2023-03,Medium,Medium,Medium
2085.0,a10dfb5e4dbaaa5926e0d1308a089e2d,,2023-04-01 10:00:00.000000,2085.0,2085,32.0,Male,Blouse,Clothing,94,Vermont,S,Brown,Summer,4.0,No,Standard,No,No,43.0,Bank Transfer,Quarterly,2023-04,2023-04,High,High,High
2086.0,7a1f53f4007221c8e0b0dbcf135e6490,purchase,2023-05-01 10:00:00.000000,2086.0,2086,69.0,Male,Jeans,Clothing,49,New York,M,Teal,Fall,4.6,No,Free Shipping,No,No,38.0,Debit Card,Weekly,2023-05,2023-05,Medium,Medium,Medium
2087.0,d67a8f49c169d6c814f285957ff424e9,view,2023-06-01 10:00:00.000000,2087.0,2087,65.0,Male,Dress,Clothing,89,North Dakota,L,Beige,Summer,4.7,No,2-Day Shipping,No,No,36.0,Cash,Every 3 Months,2023-06,2023-06,High,High,High
2088.0,044eaba84e14f904eb32b624a92a1ebb,like,2023-07-01 10:00:00.000000,2088.0,2088,54.0,Male,Hat,Accessories,91,Wisconsin,M,Blue,Summer,4.7,No,Standard,No,No,1.0,Credit Card,Weekly,2023-07,2023-07,High,High,High
2089.0,7c205a367578c45e9cf9efe6d8b904dc,view,2023-08-01 10:00:00.000000,2089.0,2089,39.0,Male,Sandals,Footwear,89,California,L,Orange,Spring,4.0,No,Standard,No,No,49.0,Debit Card,Annually,2023-08,2023-08,High,High,High
2090.0,ffafb6cd88b712de90bfc442ff56f394,like,2023-09-01 10:00:00.000000,2090.0,2090,37.0,Male,Jacket,Outerwear,57,Maryland,L,Gold,Spring,3.6,No,Free Shipping,No,No,41.0,Credit Card,Every 3 Months,2023-09,2023-09,Medium,Medium,Medium
2091.0,38d4b6932d4a0924c0170099dc03e649,like,2023-10-01 10:00:00.000000,2091.0,2091,51.0,Male,Socks,Clothing,71,Massachusetts,S,Teal,Winter,3.4,No,Free Shipping,No,No,21.0,Debit Card,Monthly,2023-10,2023-10,Medium,Medium,Medium
2092.0,a3b569e394762e25527a340a7bd4619e,purchase,2023-11-01 10:00:00.000000,2092.0,2092,26.0,Male,Jeans,Clothing,97,Washington,XL,Beige,Fall,3.0,No,Next Day Air,No,No,24.0,Bank Transfer,Quarterly,2023-11,2023-11,High,High,High
2093.0,29b96a6ca68660a80758ec15f2d40584,view,2023-12-01 10:00:00.000000,2093.0,2093,42.0,Male,Sandals,Footwear,45,Minnesota,M,Silver,Fall,2.6,No,Next Day Air,No,No,27.0,Bank Transfer,Weekly,2023-12,2023-12,Medium,Medium,Medium
2113.0,6845c3bcf93ff5d0853d43d854f611d4,view,2023-01-02 10:00:00.000000,2113.0,2113,43.0,Male,Belt,Accessories,68,Tennessee,M,Lavender,Fall,4.5,No,2-Day Shipping,No,No,7.0,Cash,Fortnightly,2023-01,2023-01,Medium,Medium,Medium
2114.0,8675b89848767f7b522af964b4978bde,like,2023-02-02 10:00:00.000000,2114.0,2114,63.0,Male,Dress,Clothing,40,Virginia,M,Brown,Spring,2.7,No,Store Pickup,No,No,29.0,PayPal,Every 3 Months,2023-02,2023-02,Low,Low,Low
2115.0,ac8a68131c780aaa9816d012c1b9aa33,purchase,2023-03-02 10:00:00.000000,2115.0,2115,37.0,Male,Shirt,Clothing,51,Vermont,M,Magenta,Winter,2.9,No,Standard,No,No,12.0,Debit Card,Annually,2023-03,2023-03,Medium,Medium,Medium
2116.0,833bdbd20fe847305e8e6a9a272f9eff,purchase,2023-04-02 10:00:00.000000,2116.0,2116,44.0,Male,Scarf,Accessories,85,Rhode Island,M,Violet,Winter,3.4,No,Store Pickup,No,No,16.0,Bank Transfer,Bi-Weekly,2023-04,2023-04,High,High,High
2117.0,a93178620385501bc63b9ded697d34f0,view,2023-05-02 10:00:00.000000,2117.0,2117,67.0,Male,Jacket,Outerwear,23,Kansas,M,Teal,Summer,2.9,No,Express,No,No,50.0,Debit Card,Bi-Weekly,2023-05,2023-05,Low,Low,Low
2118.0,9a807c9819d2b0e5eca4fd10c055929b,like,2023-06-02 10:00:00.000000,2118.0,2118,27.0,Male,Dress,Clothing,28,Colorado,L,Brown,Summer,3.8,No,Free Shipping,No,No,11.0,Debit Card,Annually,2023-06,2023-06,Low,Low,Low
2119.0,6ef914da4f8cb896c2fa37afab34050c,view,2023-07-02 10:00:00.000000,2119.0,2119,60.0,Male,Socks,Clothing,44,Georgia,M,Olive,Fall,4.2,No,2-Day Shipping,No,No,28.0,Debit Card,Quarterly,2023-07,2023-07,Low,Low,Low
2120.0,407edf1668252a2f1b1a266307676ef4,like,2023-08-02 10:00:00.000000,2120.0,2120,58.0,Male,Jewelry,Accessories,57,Nebraska,M,Indigo,Spring,3.5,No,Store Pickup,No,No,36.0,Venmo,Bi-Weekly,2023-08,2023-08,Medium,Medium,Medium
2121.0,2aa28abd0163d3cfb96e25e28157489a,like,2023-09-02 10:00:00.000000,2121.0,2121,53.0,Male,Scarf,Accessories,98,Missouri,S,Red,Fall,3.1,No,Next Day Air,No,No,38.0,PayPal,Quarterly,2023-09,2023-09,High,High,High
2122.0,9a3631743134887e98b7feb2f4eb4e31,purchase,2023-10-02 10:00:00.000000,2122.0,2122,43.0,Male,Backpack,Accessories,68,Alaska,M,Olive,Winter,3.5,No,2-Day Shipping,No,No,32.0,Bank Transfer,Monthly,2023-10,2023-10,Medium,Medium,Medium
2123.0,5897783aef369105ca85cb65c104cd59,view,2023-11-02 10:00:00.000000,2123.0,2123,32.0,Male,Jacket,Outerwear,36,Virginia,L,Teal,Fall,4.0,No,Express,No,No,42.0,Debit Card,Weekly,2023-11,2023-11,Low,Low,Low
2124.0,50e152593ffa3d382f65d84a0713e6ee,like,2023-12-02 10:00:00.000000,2124.0,2124,54.0,Male,Coat,Outerwear,71,Nebraska,L,Cyan,Spring,3.7,No,Express,No,No,22.0,Debit Card,Bi-Weekly,2023-12,2023-12,Medium,Medium,Medium
2141.0,ff92bb5c0e18a95dd5f6128ac906fdb9,view,2023-01-03 10:00:00.000000,2141.0,2141,53.0,Male,Handbag,Accessories,90,New Mexico,M,Brown,Fall,3.7,No,Standard,No,No,36.0,Cash,Fortnightly,2023-01,2023-01,High,High,High
2142.0,67973b930c77a91dcac7532351048ce4,like,2023-02-03 10:00:00.000000,2142.0,2142,24.0,Male,Dress,Clothing,98,Kentucky,M,Peach,Winter,4.1,No,2-Day Shipping,No,No,32.0,PayPal,Annually,2023-02,2023-02,High,High,High
2143.0,fb0d2380a55cc7884c134d9af4093055,view,2023-03-03 10:00:00.000000,2143.0,2143,47.0,Male,Hat,Accessories,39,North Dakota,M,Maroon,Winter,4.3,No,Next Day Air,No,No,21.0,Venmo,Quarterly,2023-03,2023-03,Low,Low,Low
2144.0,4134d5a945b4cc15b941f997f9c2df9c,like,2023-04-03 10:00:00.000000,2144.0,2144,53.0,Male,Sandals,Footwear,66,Arkansas,L,Red,Fall,3.8,No,Next Day Air,No,No,48.0,Venmo,Bi-Weekly,2023-04,2023-04,Medium,Medium,Medium
2145.0,c6256f99aac34790994b540c30e03bb7,like,2023-05-03 10:00:00.000000,2145.0,2145,47.0,Male,Shoes,Footwear,23,Maryland,L,Orange,Winter,3.7,No,Free Shipping,No,No,25.0,PayPal,Quarterly,2023-05,2023-05,Low,Low,Low
2146.0,0f044ec2b6879a9f43dc1e12ffc2c3ea,purchase,2023-06-03 10:00:00.000000,2146.0,2146,38.0,Male,Skirt,Clothing,73,Connecticut,S,White,Winter,4.8,No,Standard,No,No,32.0,PayPal,Annually,2023-06,2023-06,Medium,Medium,Medium
2147.0,248094e1f093ec3a4a22cb30f3f1c088,view,2023-07-03 10:00:00.000000,2147.0,2147,48.0,Male,Sunglasses,Accessories,23,Utah,XL,White,Summer,4.6,No,Standard,No,No,45.0,PayPal,Every 3 Months,2023-07,2023-07,Low,Low,Low
2148.0,b81ae1922d03c2b625023e561586676e,like,2023-08-03 10:00:00.000000,2148.0,2148,47.0,Male,Skirt,Clothing,43,Missouri,S,Charcoal,Fall,4.8,No,Standard,No,No,4.0,Cash,Fortnightly,2023-08,2023-08,Low,Low,Low
2149.0,cc5ef7946bc62faf12bd8e0b32105f09,purchase,2023-09-03 10:00:00.000000,2149.0,2149,19.0,Male,T-shirt,Clothing,45,Nebraska,XL,Turquoise,Winter,4.6,No,2-Day Shipping,No,No,19.0,PayPal,Bi-Weekly,2023-09,2023-09,Medium,Medium,Medium
2150.0,3f7feab4de5e72aebe4e8405ebbf4273,purchase,2023-10-03 10:00:00.000000,2150.0,2150,38.0,Male,Sandals,Footwear,21,Hawaii,L,Orange,Winter,4.0,No,Standard,No,No,1.0,Bank Transfer,Weekly,2023-10,2023-10,Low,Low,Low
2151.0,56e078427e56406e2c3462373b9b0eda,view,2023-11-03 10:00:00.000000,2151.0,2151,57.0,Male,Shirt,Clothing,40,Illinois,M,Orange,Spring,2.6,No,2-Day Shipping,No,No,12.0,Cash,Weekly,2023-11,2023-11,Low,Low,Low
2152.0,b02ed2025b1fe86cf16847b31d4a4841,like,2023-12-03 10:00:00.000000,2152.0,2152,70.0,Male,Jeans,Clothing,58,Vermont,L,Brown,Fall,2.6,No,2-Day Shipping,No,No,18.0,Venmo,Monthly,2023-12,2023-12,Medium,Medium,Medium
2172.0,6b70f521923699fabc788cfd08379bd4,view,2023-01-04 10:00:00.000000,2172.0,2172,39.0,Male,Shorts,Clothing,98,Missouri,M,Yellow,Summer,4.6,No,Store Pickup,No,No,9.0,Cash,Fortnightly,2023-01,2023-01,High,High,High
2173.0,7f7f3c89ace07cfda7da33b851579115,like,2023-02-04 10:00:00.000000,2173.0,2173,28.0,Male,Skirt,Clothing,89,Rhode Island,S,Lavender,Fall,2.8,No,Store Pickup,No,No,6.0,PayPal,Fortnightly,2023-02,2023-02,High,High,High
2174.0,24adfe52668f299ce5654bb61a6cd35f,purchase,2023-03-04 10:00:00.000000,2174.0,2174,23.0,Male,Gloves,Accessories,97,Delaware,S,Cyan,Summer,5.0,No,2-Day Shipping,No,No,36.0,Venmo,Quarterly,2023-03,2023-03,High,High,High
2175.0,38ed1d00add96bcfb58964936b66de21,purchase,2023-04-04 10:00:00.000000,2175.0,2175,42.0,Male,Backpack,Accessories,49,Colorado,S,Olive,Spring,2.9,No,Store Pickup,No,No,1.0,Cash,Annually,2023-04,2023-04,Medium,Medium,Medium
2176.0,2e3ec40ee37598e9dfde2a59fecfb9a5,view,2023-05-04 10:00:00.000000,2176.0,2176,68.0,Male,Dress,Clothing,50,Nebraska,M,Silver,Spring,3.3,No,Free Shipping,No,No,48.0,Credit Card,Fortnightly,2023-05,2023-05,Medium,Medium,Medium
2177.0,385e7c3560e6f51590d3668bc80bba63,like,2023-06-04 10:00:00.000000,2177.0,2177,24.0,Male,Belt,Accessories,91,Vermont,S,Red,Winter,3.4,No,2-Day Shipping,No,No,44.0,Debit Card,Quarterly,2023-06,2023-06,High,High,High
2178.0,9dc40de06ade91be8dbfb0c84287dfc3,view,2023-07-04 10:00:00.000000,2178.0,2178,24.0,Male,Gloves,Accessories,93,Montana,XL,Green,Winter,3.0,No,Express,No,No,9.0,PayPal,Bi-Weekly,2023-07,2023-07,High,High,High
2179.0,9848822de91ae26a3e119c5b9e2a1ebd,like,2023-08-04 10:00:00.000000,2179.0,2179,21.0,Male,Jewelry,Accessories,98,Florida,M,Gold,Summer,4.7,No,Standard,No,No,32.0,Venmo,Annually,2023-08,2023-08,High,High,High
2180.0,f48fbf5455ffe1cca1c9031504c0e6df,like,2023-09-04 10:00:00.000000,2180.0,2180,49.0,Male,Socks,Clothing,82,Delaware,L,Lavender,Fall,2.9,No,Next Day Air,No,No,14.0,PayPal,Monthly,2023-09,2023-09,High,High,High
2181.0,be8ac5147258d7c430fb126ac0e7e165,purchase,2023-10-04 10:00:00.000000,2181.0,2181,41.0,Male,Coat,Outerwear,37,Connecticut,M,Yellow,Summer,4.1,No,Store Pickup,No,No,43.0,Cash,Quarterly,2023-10,2023-10,Low,Low,Low
2182.0,bbd75a67f881398d1ee0df276ac6e65e,view,2023-11-04 10:00:00.000000,2182.0,2182,22.0,Male,Handbag,Accessories,63,Hawaii,M,Black,Fall,3.2,No,Free Shipping,No,No,32.0,Bank Transfer,Bi-Weekly,2023-11,2023-11,Medium,Medium,Medium
2183.0,d7402fc85d8178c13d7e7e1fa565f22e,like,2023-12-04 10:00:00.000000,2183.0,2183,42.0,Male,Blouse,Clothing,99,New Mexico,M,Maroon,Winter,2.7,No,Store Pickup,No,No,26.0,Venmo,Bi-Weekly,2023-12,2023-12,High,High,High
2202.0,da14ddefdf097f574d3986962d6651aa,view,2023-01-05 10:00:00.000000,2202.0,2202,39.0,Male,Pants,Clothing,25,Ohio,L,Peach,Spring,4.9,No,2-Day Shipping,No,No,10.0,Venmo,Annually,2023-01,2023-01,Low,Low,Low
2203.0,1703812453b0bdbf7b78e4b208fbd787,like,2023-02-05 10:00:00.000000,2203.0,2203,42.0,Male,Dress,Clothing,36,Alabama,M,Red,Summer,4.3,No,Next Day Air,No,No,23.0,Credit Card,Weekly,2023-02,2023-02,Low,Low,Low
2204.0,df40019c1753355b36ec060597b05565,purchase,2023-03-05 10:00:00.000000,2204.0,2204,53.0,Male,Dress,Clothing,79,Rhode Island,M,Indigo,Winter,3.1,No,Free Shipping,No,No,32.0,Cash,Quarterly,2023-03,2023-03,High,High,High
2205.0,b3982c752e0c810914903c24873d7b5f,purchase,2023-04-05 10:00:00.000000,2205.0,2205,20.0,Male,Jeans,Clothing,41,Oregon,S,Lavender,Winter,3.4,No,2-Day Shipping,No,No,6.0,Debit Card,Monthly,2023-04,2023-04,Low,Low,Low
2206.0,7a2915998ebc512e2a78281582b7a2d1,view,2023-05-05 10:00:00.000000,2206.0,2206,46.0,Male,Sweater,Clothing,68,North Dakota,XL,Red,Fall,2.7,No,Express,No,No,27.0,PayPal,Weekly,2023-05,2023-05,Medium,Medium,Medium
2207.0,a20629c8292154e0290ac545f307e525,like,2023-06-05 10:00:00.000000,2207.0,2207,46.0,Male,Sandals,Footwear,51,Illinois,L,Green,Spring,2.6,No,Store Pickup,No,No,25.0,Bank Transfer,Fortnightly,2023-06,2023-06,Medium,Medium,Medium
2208.0,da6d50cec67df283932d09286b5d056a,view,2023-07-05 10:00:00.000000,2208.0,2208,69.0,Male,Handbag,Accessories,38,New Mexico,M,Gray,Fall,2.9,No,Next Day Air,No,No,11.0,Credit Card,Annually,2023-07,2023-07,Low,Low,Low
2209.0,907aaa48da3d80794125f12cc3c2f5c6,like,2023-08-05 10:00:00.000000,2209.0,2209,28.0,Male,Scarf,Accessories,46,Colorado,XL,Violet,Summer,2.7,No,2-Day Shipping,No,No,23.0,PayPal,Monthly,2023-08,2023-08,Medium,Medium,Medium
2210.0,37cdefbe9c43e7f3467e665f0a7d9f27,like,2023-09-05 10:00:00.000000,2210.0,2210,42.0,Male,Sandals,Footwear,20,Utah,XL,Beige,Summer,4.5,No,2-Day Shipping,No,No,44.0,Bank Transfer,Quarterly,2023-09,2023-09,Low,Low,Low
2211.0,f96a51fdf0f877a789ee0713997ce134,purchase,2023-10-05 10:00:00.000000,2211.0,2211,30.0,Male,Sunglasses,Accessories,25,Virginia,M,Orange,Summer,3.1,No,Store Pickup,No,No,35.0,PayPal,Fortnightly,2023-10,2023-10,Low,Low,Low
2212.0,f3af2a80bf7ac2985dbf126646a187e4,view,2023-11-05 10:00:00.000000,2212.0,2212,50.0,Male,Sweater,Clothing,89,Maine,L,Purple,Winter,3.2,No,Free Shipping,No,No,45.0,Debit Card,Every 3 Months,2023-11,2023-11,High,High,High
2213.0,bab782cb7c3302b601ed941e14fe0a48,like,2023-12-05 10:00:00.000000,2213.0,2213,59.0,Male,Pants,Clothing,77,Nebraska,M,Brown,Winter,3.3,No,Next Day Air,No,No,22.0,Bank Transfer,Quarterly,2023-12,2023-12,High,High,High
2233.0,fb5005d5ea068d9b157bbaf45c842700,like,2023-01-06 10:00:00.000000,2233.0,2233,65.0,Male,Shoes,Footwear,64,North Carolina,L,Lavender,Spring,4.0,No,Store Pickup,No,No,14.0,Cash,Fortnightly,2023-01,2023-01,Medium,Medium,Medium
2234.0,ca8c8971d0871276d14963fbee08acb2,like,2023-02-06 10:00:00.000000,2234.0,2234,38.0,Male,Blouse,Clothing,31,Florida,XL,Gray,Summer,4.5,No,Express,No,No,48.0,Credit Card,Monthly,2023-02,2023-02,Low,Low,Low
2235.0,28fd80cc89a505b12d3c79c7effb1362,purchase,2023-03-06 10:00:00.000000,2235.0,2235,35.0,Male,Boots,Footwear,66,New Hampshire,S,Yellow,Winter,4.0,No,Express,No,No,26.0,Cash,Weekly,2023-03,2023-03,Medium,Medium,Medium
2236.0,6f823c7b260d66abf985100d999291cc,view,2023-04-06 10:00:00.000000,2236.0,2236,40.0,Male,Socks,Clothing,82,Illinois,M,Gray,Spring,4.5,No,2-Day Shipping,No,No,44.0,Credit Card,Annually,2023-04,2023-04,High,High,High
2237.0,6969e33f733ef3180fad8d5a20be3971,like,2023-05-06 10:00:00.000000,2237.0,2237,23.0,Male,T-shirt,Clothing,88,Louisiana,M,Yellow,Winter,2.7,No,Standard,No,No,18.0,Debit Card,Fortnightly,2023-05,2023-05,High,High,High
2238.0,eb55223c34b2f7e44f58371bf7360d85,purchase,2023-06-06 10:00:00.000000,2238.0,2238,45.0,Male,Sandals,Footwear,34,Alabama,S,Black,Summer,3.8,No,Next Day Air,No,No,31.0,Venmo,Every 3 Months,2023-06,2023-06,Low,Low,Low
2239.0,0980fae6430e8a12d9a792dd11ab1f7f,purchase,2023-07-06 10:00:00.000000,2239.0,2239,40.0,Male,Sneakers,Footwear,84,Florida,L,Beige,Winter,3.8,No,Standard,No,No,18.0,Debit Card,Weekly,2023-07,2023-07,High,High,High
2240.0,c17c3e9a55d14376f8233675574899cb,view,2023-08-06 10:00:00.000000,2240.0,2240,42.0,Male,Jewelry,Accessories,96,Alabama,L,Indigo,Summer,3.8,No,2-Day Shipping,No,No,41.0,Credit Card,Every 3 Months,2023-08,2023-08,High,High,High
2241.0,0214d1de1a643e0bd23be876dfd0ec5e,like,2023-09-06 10:00:00.000000,2241.0,2241,57.0,Male,Sandals,Footwear,71,California,L,Green,Winter,4.3,No,Next Day Air,No,No,18.0,Debit Card,Every 3 Months,2023-09,2023-09,Medium,Medium,Medium
2242.0,a8ca3046509904876f1f45918ca6495e,view,2023-10-06 10:00:00.000000,2242.0,2242,18.0,Male,Jacket,Outerwear,77,Maryland,M,Purple,Summer,3.5,No,Free Shipping,No,No,3.0,Bank Transfer,Bi-Weekly,2023-10,2023-10,High,High,High
2243.0,955df08f7d75e0c6c43de752858e4010,like,2023-11-06 10:00:00.000000,2243.0,2243,18.0,Male,Skirt,Clothing,66,Nevada,M,Orange,Spring,3.8,No,Next Day Air,No,No,5.0,Credit Card,Bi-Weekly,2023-11,2023-11,Medium,Medium,Medium
2244.0,62283c8b51067cd4579ba96e81ea9d2f,like,2023-12-06 10:00:00.000000,2244.0,2244,56.0,Male,Shirt,Clothing,21,Massachusetts,M,Teal,Winter,3.7,No,2-Day Shipping,No,No,13.0,Debit Card,Annually,2023-12,2023-12,Low,Low,Low
2263.0,08f5822a051dba14dd1e7e4fe0ee5e36,like,2023-01-07 10:00:00.000000,2263.0,2263,53.0,Male,Backpack,Accessories,22,Arizona,M,Green,Winter,3.1,No,2-Day Shipping,No,No,50.0,PayPal,Monthly,2023-01,2023-01,Low,Low,Low
2264.0,1d905ab8fa3bf9f783ef449421eeeec9,like,2023-02-07 10:00:00.000000,2264.0,2264,44.0,Male,Scarf,Accessories,40,Indiana,XL,Green,Winter,3.5,No,Store Pickup,No,No,42.0,Cash,Quarterly,2023-02,2023-02,Low,Low,Low
2265.0,10c7bc637c0b4b706c0cf4c2da309e64,purchase,2023-03-07 10:00:00.000000,2265.0,2265,51.0,Male,Hat,Accessories,92,North Dakota,M,Turquoise,Summer,3.9,No,2-Day Shipping,No,No,50.0,PayPal,Monthly,2023-03,2023-03,High,High,High
2266.0,87366a8f9cd8179fb7fe9021e9a2d2d2,view,2023-04-07 10:00:00.000000,2266.0,2266,36.0,Male,Coat,Outerwear,94,Montana,XL,Yellow,Fall,3.9,No,Store Pickup,No,No,10.0,PayPal,Quarterly,2023-04,2023-04,High,High,High
2267.0,9da82cc07ddc85112c1619369e4ccbaf,like,2023-05-07 10:00:00.000000,2267.0,2267,20.0,Male,Dress,Clothing,44,Missouri,M,Yellow,Fall,4.3,No,Store Pickup,No,No,32.0,Debit Card,Weekly,2023-05,2023-05,Low,Low,Low
2268.0,c2e327d12f3289bd5b155d620d5e86cd,purchase,2023-06-07 10:00:00.000000,2268.0,2268,32.0,Male,Gloves,Accessories,49,Kentucky,S,Blue,Spring,3.8,No,Express,No,No,37.0,Venmo,Weekly,2023-06,2023-06,Medium,Medium,Medium
2269.0,fd2f4a2b7322b70d6bf9b6fb36c6120d,like,2023-07-07 10:00:00.000000,2269.0,2269,66.0,Male,Sweater,Clothing,26,Georgia,L,Charcoal,Spring,2.7,No,2-Day Shipping,No,No,15.0,Bank Transfer,Monthly,2023-07,2023-07,Low,Low,Low
2270.0,f68a05eaaeae971868f46283ad282466,like,2023-08-07 10:00:00.000000,2270.0,2270,49.0,Male,Skirt,Clothing,38,Kentucky,M,Yellow,Fall,4.4,No,Store Pickup,No,No,27.0,Credit Card,Annually,2023-08,2023-08,Low,Low,Low
2271.0,dc97e77c7d52828909c1c381b9658832,purchase,2023-09-07 10:00:00.000000,2271.0,2271,27.0,Male,Blouse,Clothing,72,Georgia,L,Purple,Spring,3.5,No,Express,No,No,7.0,Venmo,Weekly,2023-09,2023-09,Medium,Medium,Medium
2272.0,2f7e055909455202b6f1f37ee3192b60,view,2023-10-07 10:00:00.000000,2272.0,2272,29.0,Male,Dress,Clothing,99,Alaska,M,Green,Summer,3.4,No,Free Shipping,No,No,49.0,PayPal,Quarterly,2023-10,2023-10,High,High,High
2273.0,a0ff07ad68e31823a3bd11e56eed6ba7,like,2023-11-07 10:00:00.000000,2273.0,2273,29.0,Male,Jacket,Outerwear,38,Maine,L,Charcoal,Spring,4.0,No,Standard,No,No,44.0,PayPal,Monthly,2023-11,2023-11,Low,Low,Low
2274.0,b764e40554b91a0513ea3b0178bf422f,view,2023-12-07 10:00:00.000000,2274.0,2274,55.0,Male,Coat,Outerwear,96,New Mexico,L,Silver,Winter,4.8,No,Express,No,No,13.0,PayPal,Bi-Weekly,2023-12,2023-12,High,High,High
2294.0,4375c5ca587185daa5b04d05989958db,like,2023-01-08 10:00:00.000000,2294.0,2294,37.0,Male,Sweater,Clothing,68,Georgia,L,Green,Fall,3.3,No,Express,No,No,16.0,Debit Card,Every 3 Months,2023-01,2023-01,Medium,Medium,Medium
2295.0,289cf4e51ba4f56bd0e6bb10ac068a0c,purchase,2023-02-08 10:00:00.000000,2295.0,2295,54.0,Male,Sunglasses,Accessories,95,Maryland,M,Red,Winter,5.0,No,Express,No,No,40.0,Debit Card,Annually,2023-02,2023-02,High,High,High
2296.0,71fbffe789221731734673e7df3664f1,purchase,2023-03-08 10:00:00.000000,2296.0,2296,50.0,Male,Hat,Accessories,22,Connecticut,L,Beige,Spring,2.9,No,2-Day Shipping,No,No,45.0,PayPal,Quarterly,2023-03,2023-03,Low,Low,Low
2297.0,58b70e4a3ce13be660af2acf1d3ec8fc,view,2023-04-08 10:00:00.000000,2297.0,2297,46.0,Male,Gloves,Accessories,88,Washington,M,Green,Fall,2.5,No,Next Day Air,No,No,50.0,Venmo,Every 3 Months,2023-04,2023-04,High,High,High
2298.0,f134a717041b0e1f72a7e3130f45549e,like,2023-05-08 10:00:00.000000,2298.0,2298,60.0,Male,Socks,Clothing,83,California,M,Orange,Summer,4.7,No,Standard,No,No,1.0,Bank Transfer,Quarterly,2023-05,2023-05,High,High,High
2299.0,403541d982fb9925ec6279bf0370f334,view,2023-06-08 10:00:00.000000,2299.0,2299,40.0,Male,Handbag,Accessories,87,Montana,L,Cyan,Spring,2.9,No,2-Day Shipping,No,No,10.0,Cash,Every 3 Months,2023-06,2023-06,High,High,High
2300.0,b8a7d9b115d0448718f04a399ba3784e,like,2023-07-08 10:00:00.000000,2300.0,2300,64.0,Male,Coat,Outerwear,57,Idaho,M,Violet,Summer,3.7,No,Store Pickup,No,No,48.0,Credit Card,Every 3 Months,2023-07,2023-07,Medium,Medium,Medium
2301.0,41348831910e03bbe9db8d453ce4151f,like,2023-08-08 10:00:00.000000,2301.0,2301,18.0,Male,Coat,Outerwear,88,Pennsylvania,XL,Lavender,Summer,4.4,No,2-Day Shipping,No,No,38.0,Credit Card,Monthly,2023-08,2023-08,High,High,High
2302.0,93a969b1022db6f180228b2c34c5a603,purchase,2023-09-08 10:00:00.000000,2302.0,2302,37.0,Male,Pants,Clothing,20,Maine,L,Turquoise,Winter,2.9,No,Next Day Air,No,No,21.0,Debit Card,Annually,2023-09,2023-09,Low,Low,Low
2303.0,f0b680f02e6ca2fdec34137365897fbb,view,2023-10-08 10:00:00.000000,2303.0,2303,36.0,Male,Belt,Accessories,39,Montana,L,Pink,Summer,3.6,No,Store Pickup,No,No,38.0,Venmo,Monthly,2023-10,2023-10,Low,Low,Low
2304.0,a36daf914771e871659c1061c4e83316,like,2023-11-08 10:00:00.000000,2304.0,2304,51.0,Male,Sunglasses,Accessories,71,New Jersey,S,Beige,Spring,4.8,No,2-Day Shipping,No,No,31.0,Credit Card,Fortnightly,2023-11,2023-11,Medium,Medium,Medium
2305.0,1656d377cb381f8a44a7834c5e642a8a,purchase,2023-12-08 10:00:00.000000,2305.0,2305,26.0,Male,Hoodie,Clothing,73,Louisiana,L,Silver,Winter,4.7,No,Free Shipping,No,No,9.0,Debit Card,Fortnightly,2023-12,2023-12,Medium,Medium,Medium
2325.0,2e92b91c460e05e2f3835094ad82fd03,like,2023-01-09 10:00:00.000000,2325.0,2325,59.0,Male,Coat,Outerwear,28,Oregon,L,Brown,Winter,3.5,No,Free Shipping,No,No,19.0,Debit Card,Annually,2023-01,2023-01,Low,Low,Low
2326.0,87d4481084622c99740ae9544e6a2dd0,like,2023-02-09 10:00:00.000000,2326.0,2326,44.0,Male,Boots,Footwear,55,New York,M,Charcoal,Summer,4.4,No,2-Day Shipping,No,No,47.0,Cash,Weekly,2023-02,2023-02,Medium,Medium,Medium
2327.0,034bc638e2ccd85bd37193d028202ecf,purchase,2023-03-09 10:00:00.000000,2327.0,2327,66.0,Male,Skirt,Clothing,63,Oklahoma,L,Maroon,Winter,2.6,No,Standard,No,No,38.0,Bank Transfer,Annually,2023-03,2023-03,Medium,Medium,Medium
2328.0,4cf0b814dd09c05e2bcc110c7c4579fa,view,2023-04-09 10:00:00.000000,2328.0,2328,20.0,Male,Skirt,Clothing,94,Alabama,M,Red,Winter,4.2,No,2-Day Shipping,No,No,22.0,Venmo,Bi-Weekly,2023-04,2023-04,High,High,High
2329.0,407a10f447f2e3ff7de635b18f214c4d,like,2023-05-09 10:00:00.000000,2329.0,2329,45.0,Male,Pants,Clothing,36,North Dakota,M,Maroon,Fall,2.6,No,Express,No,No,29.0,Venmo,Bi-Weekly,2023-05,2023-05,Low,Low,Low
2330.0,2d14fe61a02de42e703908ca347ec875,purchase,2023-06-09 10:00:00.000000,2330.0,2330,49.0,Male,Hat,Accessories,97,Nebraska,S,Teal,Spring,4.8,No,Free Shipping,No,No,42.0,Bank Transfer,Annually,2023-06,2023-06,High,High,High
2331.0,5316da467646b5f22f6bdfb0f47b0867,purchase,2023-07-09 10:00:00.000000,2331.0,2331,60.0,Male,Backpack,Accessories,63,Arizona,L,Orange,Summer,2.9,No,Store Pickup,No,No,47.0,PayPal,Every 3 Months,2023-07,2023-07,Medium,Medium,Medium
2332.0,a2db7a96d1d72510cf3cda4d75f6bb46,purchase,2023-08-09 10:00:00.000000,2332.0,2332,61.0,Male,Scarf,Accessories,77,Illinois,S,Olive,Spring,4.3,No,2-Day Shipping,No,No,10.0,Credit Card,Bi-Weekly,2023-08,2023-08,High,High,High
2333.0,1ac73cbb98faa35ac1c3d996945ee495,view,2023-09-09 10:00:00.000000,2333.0,2333,36.0,Male,Scarf,Accessories,53,South Carolina,XL,Olive,Fall,2.6,No,Store Pickup,No,No,10.0,Venmo,Monthly,2023-09,2023-09,Medium,Medium,Medium
2334.0,354e1c6983971f82c0a9b3c587776eaf,like,2023-10-09 10:00:00.000000,2334.0,2334,33.0,Male,Shirt,Clothing,77,Kansas,M,Beige,Spring,3.8,No,Next Day Air,No,No,1.0,PayPal,Every 3 Months,2023-10,2023-10,High,High,High
2335.0,0a80454353b34a1ba18de2b4c3771d36,view,2023-11-09 10:00:00.000000,2335.0,2335,49.0,Male,Boots,Footwear,79,Kansas,L,Green,Summer,4.2,No,Standard,No,No,7.0,Credit Card,Monthly,2023-11,2023-11,High,High,High
2336.0,223eee8ad08f27555115fd0227a6b499,like,2023-12-09 10:00:00.000000,2336.0,2336,31.0,Male,Coat,Outerwear,37,Idaho,M,Black,Summer,3.9,No,Store Pickup,No,No,10.0,Venmo,Fortnightly,2023-12,2023-12,Low,Low,Low
2355.0,c8550a3d45dd97c9945bfdc73ae4c7e3,like,2023-10-10 08:00:00.000000,2355.0,2355,56.0,Male,Blouse,Clothing,78,Wisconsin,M,Blue,Summer,4.8,No,Next Day Air,No,No,27.0,Venmo,Monthly,2023-10,2023-10,High,High,High
2356.0,34a914b3b531ea4b7e0072bf628d3308,view,2023-11-10 08:00:00.000000,2356.0,2356,22.0,Male,Skirt,Clothing,35,Tennessee,S,Purple,Winter,4.1,No,Next Day Air,No,No,12.0,Cash,Monthly,2023-11,2023-11,Low,Low,Low
2357.0,484458444dc0c69fd62fdda955f7f424,like,2023-12-10 08:00:00.000000,2357.0,2357,57.0,Male,Backpack,Accessories,58,Montana,M,Gray,Summer,3.0,No,Free Shipping,No,No,27.0,Debit Card,Quarterly,2023-12,2023-12,Medium,Medium,Medium
2377.0,44a034ded194fbaf187166454ccfec11,like,2023-01-11 08:00:00.000000,2377.0,2377,21.0,Male,Gloves,Accessories,94,Tennessee,XL,Cyan,Spring,4.1,No,Express,No,No,5.0,Cash,Weekly,2023-01,2023-01,High,High,High
2378.0,d7830f59c7ff571c8761a25c9018ebe6,purchase,2023-02-11 08:00:00.000000,2378.0,2378,44.0,Male,Blouse,Clothing,94,South Dakota,L,Magenta,Fall,4.0,No,Next Day Air,No,No,22.0,Cash,Annually,2023-02,2023-02,High,High,High
2379.0,b73d13658c446e08abec1f1f7d4dbf23,purchase,2023-03-11 08:00:00.000000,2379.0,2379,26.0,Male,Scarf,Accessories,71,New Hampshire,L,Teal,Summer,2.7,No,Store Pickup,No,No,37.0,PayPal,Bi-Weekly,2023-03,2023-03,Medium,Medium,Medium
2380.0,9564d1d0d7c502b550159e96c4f94dc5,purchase,2023-04-11 08:00:00.000000,2380.0,2380,40.0,Male,Hat,Accessories,77,South Dakota,M,Peach,Spring,4.0,No,2-Day Shipping,No,No,22.0,Debit Card,Monthly,2023-04,2023-04,High,High,High
2381.0,a1900f02822a809a83d5bbbac1468867,view,2023-05-11 08:00:00.000000,2381.0,2381,41.0,Male,Scarf,Accessories,66,Pennsylvania,M,Black,Fall,2.5,No,Next Day Air,No,No,36.0,PayPal,Fortnightly,2023-05,2023-05,Medium,Medium,Medium
2382.0,6d0165878ac8e7f74f7b646229c6431b,like,2023-06-11 08:00:00.000000,2382.0,2382,62.0,Male,Sandals,Footwear,23,Wisconsin,M,Teal,Summer,4.5,No,Free Shipping,No,No,23.0,PayPal,Annually,2023-06,2023-06,Low,Low,Low
2383.0,b156919cd4693746962549d79b277892,view,2023-07-11 08:00:00.000000,2383.0,2383,39.0,Male,Sweater,Clothing,60,California,M,Turquoise,Spring,3.9,No,Express,No,No,44.0,Debit Card,Weekly,2023-07,2023-07,Medium,Medium,Medium
2384.0,039f6034efafb110a048ff2acb8aec7f,like,2023-08-11 08:00:00.000000,2384.0,2384,53.0,Male,Backpack,Accessories,72,Rhode Island,L,Gold,Spring,4.9,No,2-Day Shipping,No,No,25.0,Bank Transfer,Annually,2023-08,2023-08,Medium,Medium,Medium
2385.0,10e48ea4fb85adbf89b0c1393ad25659,like,2023-09-11 08:00:00.000000,2385.0,2385,24.0,Male,Blouse,Clothing,35,Alabama,L,Green,Winter,3.3,No,2-Day Shipping,No,No,40.0,PayPal,Quarterly,2023-09,2023-09,Low,Low,Low
2386.0,52924edfc07314758759676ca3ae0145,purchase,2023-10-11 08:00:00.000000,2386.0,2386,41.0,Male,Scarf,Accessories,31,Oklahoma,M,Brown,Fall,3.8,No,Express,No,No,12.0,PayPal,Weekly,2023-10,2023-10,Low,Low,Low
2387.0,f3cc6fed6e969ddf5cdd360ced4609d2,view,2023-11-11 08:00:00.000000,2387.0,2387,19.0,Male,Socks,Clothing,33,Illinois,L,Blue,Summer,2.9,No,Standard,No,No,14.0,Venmo,Monthly,2023-11,2023-11,Low,Low,Low
2388.0,b2768941afb40d0867d5eef613029d61,like,2023-12-11 08:00:00.000000,2388.0,2388,36.0,Male,Hat,Accessories,95,Tennessee,M,Gold,Summer,4.0,No,2-Day Shipping,No,No,14.0,Debit Card,Monthly,2023-12,2023-12,High,High,High
2407.0,6d215fb11ad0ae9d2f8abce56a6fef85,view,2023-01-12 08:00:00.000000,2407.0,2407,54.0,Male,Scarf,Accessories,57,California,M,Indigo,Winter,4.7,No,Standard,No,No,26.0,PayPal,Weekly,2023-01,2023-01,Medium,Medium,Medium
2408.0,a2ed812ea9fc07e46730d93ac2932d08,like,2023-02-12 08:00:00.000000,2408.0,2408,52.0,Male,Shorts,Clothing,38,Illinois,M,Beige,Summer,3.0,No,Express,No,No,11.0,Credit Card,Bi-Weekly,2023-02,2023-02,Low,Low,Low
2409.0,688395bec3dd1797d15119b5b14a631c,purchase,2023-03-12 08:00:00.000000,2409.0,2409,23.0,Male,Sneakers,Footwear,55,Hawaii,XL,Black,Fall,4.2,No,Next Day Air,No,No,44.0,Debit Card,Every 3 Months,2023-03,2023-03,Medium,Medium,Medium
2410.0,a8d416d4133c5afd29b4079c2d63ecf5,purchase,2023-04-12 08:00:00.000000,2410.0,2410,26.0,Male,Jewelry,Accessories,37,Washington,L,Yellow,Spring,3.0,No,Store Pickup,No,No,47.0,Cash,Every 3 Months,2023-04,2023-04,Low,Low,Low
2411.0,09ce9d0a4ed30c2c6c836670f76bf145,view,2023-05-12 08:00:00.000000,2411.0,2411,48.0,Male,Shoes,Footwear,43,Wisconsin,M,Maroon,Summer,3.7,No,Free Shipping,No,No,46.0,PayPal,Monthly,2023-05,2023-05,Low,Low,Low
2412.0,895ccca5ff43f2150794f38b9ae0aea3,like,2023-06-12 08:00:00.000000,2412.0,2412,49.0,Male,Hoodie,Clothing,96,Virginia,M,Cyan,Summer,2.7,No,Free Shipping,No,No,35.0,Cash,Every 3 Months,2023-06,2023-06,High,High,High
2413.0,12658e8bae58486bfa2a2885380c07cb,view,2023-07-12 08:00:00.000000,2413.0,2413,53.0,Male,Jacket,Outerwear,51,Oregon,M,Pink,Winter,4.3,No,2-Day Shipping,No,No,8.0,Bank Transfer,Bi-Weekly,2023-07,2023-07,Medium,Medium,Medium
2414.0,a9994028650ea601f0e88c499d475c7c,like,2023-08-12 08:00:00.000000,2414.0,2414,69.0,Male,Shorts,Clothing,95,Pennsylvania,XL,Violet,Fall,2.7,No,2-Day Shipping,No,No,30.0,Bank Transfer,Weekly,2023-08,2023-08,High,High,High
2415.0,5c7639878ef351b1e9afec4c1b79ee8d,like,2023-09-12 08:00:00.000000,2415.0,2415,26.0,Male,Socks,Clothing,26,Virginia,M,Lavender,Summer,3.7,No,Next Day Air,No,No,14.0,Credit Card,Bi-Weekly,2023-09,2023-09,Low,Low,Low
2416.0,affefda040b0ba617898773f773d356a,purchase,2023-10-12 08:00:00.000000,2416.0,2416,21.0,Male,Coat,Outerwear,34,Hawaii,XL,Lavender,Fall,4.3,No,Standard,No,No,30.0,Bank Transfer,Weekly,2023-10,2023-10,Low,Low,Low
2417.0,a47d8597f385aab386cf3f32522d3928,view,2023-11-12 08:00:00.000000,2417.0,2417,59.0,Male,Sandals,Footwear,83,Nebraska,S,Black,Summer,4.0,No,Next Day Air,No,No,26.0,Credit Card,Every 3 Months,2023-11,2023-11,High,High,High
2418.0,8a6f21340efda59040c44b5eb497f884,like,2023-12-12 08:00:00.000000,2418.0,2418,21.0,Male,Backpack,Accessories,24,Alaska,M,Olive,Fall,3.3,No,Standard,No,No,32.0,Venmo,Fortnightly,2023-12,2023-12,Low,Low,Low
2435.0,7d6910b24da4c3512b8dc2ca496a8f4d,like,2023-01-01 00:00:00.000000,2435.0,2435,36.0,Male,Gloves,Accessories,45,Utah,M,Brown,Spring,5.0,No,Store Pickup,No,No,40.0,Credit Card,Monthly,2023-01,2023-01,Medium,Medium,Medium
2440.0,63817018a0f13dbb03f29219539644ec,,2023-01-01 10:00:00.000000,2440.0,2440,55.0,Male,Handbag,Accessories,44,Arkansas,M,Maroon,Summer,2.8,No,Standard,No,No,45.0,Bank Transfer,Annually,2023-01,2023-01,Low,Low,Low
2441.0,780036b0d9b5b2c2743ccd47f7625968,,2023-02-01 10:00:00.000000,2441.0,2441,31.0,Male,Socks,Clothing,90,Indiana,M,Red,Spring,4.7,No,Standard,No,No,47.0,Bank Transfer,Annually,2023-02,2023-02,High,High,High
2442.0,59ed385635a8e092b924efaf8fffb834,,2023-03-01 10:00:00.000000,2442.0,2442,45.0,Male,Jewelry,Accessories,36,California,M,Black,Fall,4.7,No,Free Shipping,No,No,5.0,Credit Card,Monthly,2023-03,2023-03,Low,Low,Low
2443.0,2dfe681963104bf0218177801b8c906b,,2023-04-01 10:00:00.000000,2443.0,2443,53.0,Male,Blouse,Clothing,95,Wyoming,L,Violet,Winter,4.7,No,Free Shipping,No,No,50.0,Debit Card,Bi-Weekly,2023-04,2023-04,High,High,High
2444.0,9ade586afb2f14944ce528cef9d36297,,2023-05-01 10:00:00.000000,2444.0,2444,24.0,Male,Backpack,Accessories,30,South Dakota,M,Green,Spring,3.4,No,2-Day Shipping,No,No,24.0,Bank Transfer,Bi-Weekly,2023-05,2023-05,Low,Low,Low
2445.0,6d4bae0d571c7e3205298a1a63f0a7c1,,2023-06-01 10:00:00.000000,2445.0,2445,47.0,Male,Scarf,Accessories,65,West Virginia,S,Gold,Fall,3.7,No,Express,No,No,15.0,Debit Card,Bi-Weekly,2023-06,2023-06,Medium,Medium,Medium
2446.0,862135dd78e198ce57c836f65c32140c,,2023-07-01 10:00:00.000000,2446.0,2446,63.0,Male,Scarf,Accessories,96,Tennessee,M,Brown,Summer,4.1,No,Store Pickup,No,No,50.0,Cash,Weekly,2023-07,2023-07,High,High,High
2447.0,c37914fdeadbaeffafc5aa2a4555bb55,,2023-08-01 10:00:00.000000,2447.0,2447,38.0,Male,Shirt,Clothing,65,Alaska,L,Peach,Spring,2.9,No,2-Day Shipping,No,No,7.0,Credit Card,Monthly,2023-08,2023-08,Medium,Medium,Medium
2448.0,ff7d71df64debc45f0f10420644a88b3,,2023-09-01 10:00:00.000000,2448.0,2448,59.0,Male,Pants,Clothing,47,South Dakota,L,Peach,Fall,3.2,No,Store Pickup,No,No,10.0,Venmo,Fortnightly,2023-09,2023-09,Medium,Medium,Medium
2449.0,11b989d425d7e1f32bd1d2b11f6eae73,,2023-10-01 10:00:00.000000,2449.0,2449,54.0,Male,Hat,Accessories,25,Tennessee,S,Violet,Fall,3.0,No,Free Shipping,No,No,38.0,PayPal,Bi-Weekly,2023-10,2023-10,Low,Low,Low
2450.0,4bc3b2b5dae5aa147eedb3be298dd464,,2023-11-01 10:00:00.000000,2450.0,2450,26.0,Male,Coat,Outerwear,56,Alabama,S,Violet,Fall,4.1,No,Express,No,No,31.0,Venmo,Fortnightly,2023-11,2023-11,Medium,Medium,Medium
2451.0,f39860b7995a5178e5d8c5e74221cf92,,2023-12-01 10:00:00.000000,2451.0,2451,68.0,Male,T-shirt,Clothing,76,North Carolina,M,Magenta,Fall,4.5,No,Standard,No,No,7.0,Venmo,Quarterly,2023-12,2023-12,High,High,High
2464.0,3d7a2bdaacc396e94b1671bd460d7367,,2023-10-10 08:00:00.000000,2464.0,2464,60.0,Male,Blouse,Clothing,21,Mississippi,XL,Indigo,Summer,3.3,No,Standard,No,No,25.0,Cash,Bi-Weekly,2023-10,2023-10,Low,Low,Low
2465.0,7bd326bbbdb36310b8e7715a7ac1581a,,2023-11-10 08:00:00.000000,2465.0,2465,47.0,Male,Jacket,Outerwear,84,Hawaii,L,Teal,Winter,2.8,No,Express,No,No,4.0,Cash,Bi-Weekly,2023-11,2023-11,High,High,High
2466.0,ffc8120406070bfede4fd173cc7deb47,,2023-12-10 08:00:00.000000,2466.0,2466,18.0,Male,Sandals,Footwear,63,Texas,M,Brown,Spring,4.4,No,Free Shipping,No,No,20.0,Bank Transfer,Weekly,2023-12,2023-12,Medium,Medium,Medium
2486.0,5532952c84dfda9392438c944a0b777e,like,2023-01-11 08:00:00.000000,2486.0,2486,43.0,Male,Blouse,Clothing,55,Louisiana,M,Beige,Spring,4.6,No,2-Day Shipping,No,No,37.0,Bank Transfer,Annually,2023-01,2023-01,Medium,Medium,Medium
2487.0,e5d6b931eebf9c12315b8d7cf0d2cb87,view,2023-02-11 08:00:00.000000,2487.0,2487,61.0,Male,Jeans,Clothing,58,Texas,L,Magenta,Spring,4.4,No,Store Pickup,No,No,6.0,Credit Card,Fortnightly,2023-02,2023-02,Medium,Medium,Medium
2488.0,669c6d5086b74d184356c0b977465a60,like,2023-03-11 08:00:00.000000,2488.0,2488,57.0,Male,Boots,Footwear,21,Montana,L,Violet,Spring,3.0,No,Next Day Air,No,No,16.0,PayPal,Bi-Weekly,2023-03,2023-03,Low,Low,Low
2489.0,43d147d07cafb866379654b06488f702,like,2023-04-11 08:00:00.000000,2489.0,2489,56.0,Male,Handbag,Accessories,82,New Hampshire,XL,Charcoal,Summer,4.4,No,Express,No,No,30.0,PayPal,Monthly,2023-04,2023-04,High,High,High
2490.0,8aca0a9872c41926cc61b067df87c942,purchase,2023-05-11 08:00:00.000000,2490.0,2490,66.0,Male,Coat,Outerwear,34,South Dakota,M,Green,Winter,3.9,No,Express,No,No,50.0,Venmo,Quarterly,2023-05,2023-05,Low,Low,Low
2491.0,391201805b59ce86ba6dd9994dbbb413,view,2023-06-11 08:00:00.000000,2491.0,2491,52.0,Male,Blouse,Clothing,78,Montana,M,Gray,Spring,4.0,No,Free Shipping,No,No,5.0,Cash,Every 3 Months,2023-06,2023-06,High,High,High
2492.0,d04453e5b701bd64e061c9032208379e,like,2023-07-11 08:00:00.000000,2492.0,2492,63.0,Male,Handbag,Accessories,47,North Carolina,M,Magenta,Spring,2.5,No,Express,No,No,15.0,Bank Transfer,Monthly,2023-07,2023-07,Medium,Medium,Medium
2493.0,b4a8adfbe7b3f4b2da1f6573ecced8f5,purchase,2023-08-11 08:00:00.000000,2493.0,2493,50.0,Male,Sunglasses,Accessories,96,South Dakota,S,Silver,Summer,4.1,No,Next Day Air,No,No,34.0,Bank Transfer,Bi-Weekly,2023-08,2023-08,High,High,High
2494.0,8f1c02befcad104e99df55229320b4c4,purchase,2023-09-11 08:00:00.000000,2494.0,2494,21.0,Male,Socks,Clothing,23,Maine,S,Beige,Fall,4.8,No,2-Day Shipping,No,No,6.0,Venmo,Every 3 Months,2023-09,2023-09,Low,Low,Low
2495.0,f62e94b3eaa1cd221f7f60877967712e,view,2023-10-11 08:00:00.000000,2495.0,2495,42.0,Male,Shoes,Footwear,27,Oklahoma,S,Peach,Winter,2.6,No,Store Pickup,No,No,26.0,Debit Card,Annually,2023-10,2023-10,Low,Low,Low
2496.0,12c35b3122e7b7f7ed71432951e0fc38,like,2023-11-11 08:00:00.000000,2496.0,2496,40.0,Male,Backpack,Accessories,37,Nebraska,XL,Orange,Spring,3.1,No,Free Shipping,No,No,34.0,Credit Card,Every 3 Months,2023-11,2023-11,Low,Low,Low
2497.0,ae385597127363ac530864a67495dd43,view,2023-12-11 08:00:00.000000,2497.0,2497,67.0,Male,Scarf,Accessories,79,Illinois,S,Yellow,Summer,3.2,No,Store Pickup,No,No,37.0,Credit Card,Weekly,2023-12,2023-12,High,High,High
2516.0,e11b26b7c6bd9b92fd3381e90863929c,like,2023-01-12 08:00:00.000000,2516.0,2516,37.0,Male,Blouse,Clothing,92,Kansas,M,Magenta,Summer,4.2,No,2-Day Shipping,No,No,41.0,Cash,Monthly,2023-01,2023-01,High,High,High
2517.0,fab247b24bd827357896602512110519,view,2023-02-12 08:00:00.000000,2517.0,2517,46.0,Male,Shorts,Clothing,73,Utah,XL,Brown,Spring,4.6,No,Standard,No,No,36.0,Debit Card,Quarterly,2023-02,2023-02,Medium,Medium,Medium
2518.0,0d4641efeb17d50f805ee5545aa7e1fb,like,2023-03-12 08:00:00.000000,2518.0,2518,64.0,Male,Shirt,Clothing,38,Wyoming,L,Orange,Spring,2.9,No,Standard,No,No,10.0,Venmo,Annually,2023-03,2023-03,Low,Low,Low
2519.0,11f1eea6314df059ab73f8862248ee93,like,2023-04-12 08:00:00.000000,2519.0,2519,20.0,Male,Boots,Footwear,51,Maine,XL,Blue,Fall,4.0,No,Store Pickup,No,No,31.0,Venmo,Annually,2023-04,2023-04,Medium,Medium,Medium
2520.0,d5d2431fc95c46ad518a224453260821,purchase,2023-05-12 08:00:00.000000,2520.0,2520,40.0,Male,Jacket,Outerwear,90,Michigan,L,Magenta,Spring,4.9,No,Standard,No,No,21.0,Credit Card,Quarterly,2023-05,2023-05,High,High,High
2521.0,093ac0a0ef36ec9b61ba61080b17e1ec,view,2023-06-12 08:00:00.000000,2521.0,2521,64.0,Male,Jacket,Outerwear,56,Illinois,L,Magenta,Summer,3.1,No,Next Day Air,No,No,16.0,Cash,Every 3 Months,2023-06,2023-06,Medium,Medium,Medium
2522.0,348fbe683a81bfffb98508a32b7f0575,like,2023-07-12 08:00:00.000000,2522.0,2522,29.0,Male,Handbag,Accessories,33,Minnesota,M,Magenta,Fall,4.4,No,Standard,No,No,18.0,PayPal,Every 3 Months,2023-07,2023-07,Low,Low,Low
2523.0,198ad0dfddaa103b63a59b3cfe7e6927,purchase,2023-08-12 08:00:00.000000,2523.0,2523,20.0,Male,Belt,Accessories,53,Massachusetts,S,Olive,Winter,2.5,No,2-Day Shipping,No,No,20.0,Debit Card,Weekly,2023-08,2023-08,Medium,Medium,Medium
2524.0,8267acff03b0e83e24e48b76aac0b2f5,purchase,2023-09-12 08:00:00.000000,2524.0,2524,43.0,Male,Handbag,Accessories,24,New Jersey,S,Cyan,Spring,3.4,No,Express,No,No,21.0,Bank Transfer,Annually,2023-09,2023-09,Low,Low,Low
2525.0,c3e358d770b5503cd0d24031dfbb7204,view,2023-10-12 08:00:00.000000,2525.0,2525,60.0,Male,Coat,Outerwear,59,Kansas,M,Purple,Spring,3.7,No,Express,No,No,23.0,Credit Card,Quarterly,2023-10,2023-10,Medium,Medium,Medium
2526.0,26f5a23ea765e80a6a83ea031ba3710e,like,2023-11-12 08:00:00.000000,2526.0,2526,39.0,Male,Sweater,Clothing,72,Kentucky,M,Purple,Winter,4.2,No,Standard,No,No,20.0,PayPal,Weekly,2023-11,2023-11,Medium,Medium,Medium
2527.0,c59ca5ebebc20fada333b978335bb5d0,view,2023-12-12 08:00:00.000000,2527.0,2527,47.0,Male,Shorts,Clothing,28,Rhode Island,S,Peach,Spring,3.4,No,Express,No,No,30.0,PayPal,Bi-Weekly,2023-12,2023-12,Low,Low,Low
2544.0,893644c2494aa7944c7133eb1fb6e7b0,purchase,2023-01-01 00:00:00.000000,2544.0,2544,27.0,Male,Scarf,Accessories,56,West Virginia,L,Peach,Spring,2.7,No,Next Day Air,No,No,30.0,PayPal,Bi-Weekly,2023-01,2023-01,Medium,Medium,Medium
2549.0,b6d1999b1d2f9c39f577ec402be27e95,view,2023-01-01 10:00:00.000000,2549.0,2549,42.0,Male,Backpack,Accessories,63,Texas,L,Pink,Winter,3.8,No,Standard,No,No,34.0,Credit Card,Monthly,2023-01,2023-01,Medium,Medium,Medium
2550.0,fa3eadba41af3db0ff05cde12a0eb9db,like,2023-02-01 10:00:00.000000,2550.0,2550,41.0,Male,Jacket,Outerwear,60,Virginia,M,Red,Fall,2.7,No,Standard,No,No,11.0,Debit Card,Every 3 Months,2023-02,2023-02,Medium,Medium,Medium
2551.0,8e68b52af8435864855d10ba0a79cf31,view,2023-03-01 10:00:00.000000,2551.0,2551,53.0,Male,Boots,Footwear,52,New Hampshire,XL,Peach,Fall,3.0,No,Store Pickup,No,No,30.0,Debit Card,Fortnightly,2023-03,2023-03,Medium,Medium,Medium
2552.0,2faeb17cbf92105477f05f0300cf28f3,like,2023-04-01 10:00:00.000000,2552.0,2552,29.0,Male,Shoes,Footwear,32,Minnesota,M,Maroon,Winter,4.1,No,Next Day Air,No,No,40.0,Debit Card,Annually,2023-04,2023-04,Low,Low,Low
2553.0,33fd919181e56e8d30b48ff29537caad,like,2023-05-01 10:00:00.000000,2553.0,2553,61.0,Male,Belt,Accessories,48,Maryland,XL,Purple,Spring,3.2,No,2-Day Shipping,No,No,13.0,Credit Card,Annually,2023-05,2023-05,Medium,Medium,Medium
2554.0,77e3212692b68c15c3784fb91499c836,purchase,2023-06-01 10:00:00.000000,2554.0,2554,69.0,Male,Jewelry,Accessories,25,Vermont,M,Maroon,Summer,4.5,No,Store Pickup,No,No,28.0,Venmo,Every 3 Months,2023-06,2023-06,Low,Low,Low
2555.0,5d50bac8d19faa29f0ac4bcdb96ba5c2,view,2023-07-01 10:00:00.000000,2555.0,2555,51.0,Male,Jewelry,Accessories,68,Kansas,M,Gray,Summer,4.3,No,Store Pickup,No,No,49.0,Debit Card,Bi-Weekly,2023-07,2023-07,Medium,Medium,Medium
2556.0,904ce2915b10439acbc6da0eb3423a6a,like,2023-08-01 10:00:00.000000,2556.0,2556,24.0,Male,Pants,Clothing,74,Idaho,M,Gray,Fall,3.5,No,Standard,No,No,23.0,Credit Card,Weekly,2023-08,2023-08,High,High,High
2557.0,63f33269bd408e3cfa627e90785a6560,purchase,2023-09-01 10:00:00.000000,2557.0,2557,24.0,Male,T-shirt,Clothing,88,Montana,XL,Magenta,Fall,3.1,No,Standard,No,No,4.0,Bank Transfer,Quarterly,2023-09,2023-09,High,High,High
2558.0,6072573c027141031f29f83a93f92a1e,purchase,2023-10-01 10:00:00.000000,2558.0,2558,70.0,Male,Shorts,Clothing,23,Oklahoma,L,Cyan,Spring,3.9,No,Standard,No,No,17.0,PayPal,Fortnightly,2023-10,2023-10,Low,Low,Low
2559.0,4a9908119ad531a334120262fca17213,view,2023-11-01 10:00:00.000000,2559.0,2559,49.0,Male,Hoodie,Clothing,32,California,M,Silver,Fall,2.7,No,Express,No,No,24.0,PayPal,Fortnightly,2023-11,2023-11,Low,Low,Low
2560.0,a94c6e8e9c669cfc77d139171a6fdd40,like,2023-12-01 10:00:00.000000,2560.0,2560,48.0,Male,Belt,Accessories,71,Mississippi,S,Green,Winter,4.0,No,Free Shipping,No,No,21.0,Debit Card,Every 3 Months,2023-12,2023-12,Medium,Medium,Medium
2580.0,8da97966891c4d0cb18deb75157c822e,purchase,2023-01-02 10:00:00.000000,2580.0,2580,65.0,Male,Blouse,Clothing,20,Minnesota,M,Purple,Summer,3.7,No,Express,No,No,40.0,Venmo,Weekly,2023-01,2023-01,Low,Low,Low
2581.0,b3d4673d57a5c8001042c135bb7a2fb1,view,2023-02-02 10:00:00.000000,2581.0,2581,43.0,Male,Jeans,Clothing,29,Massachusetts,S,Turquoise,Summer,3.6,No,Store Pickup,No,No,13.0,Bank Transfer,Quarterly,2023-02,2023-02,Low,Low,Low
2582.0,97f533b3527734f033d598a561a18138,like,2023-03-02 10:00:00.000000,2582.0,2582,57.0,Male,Dress,Clothing,81,Wyoming,M,Gold,Winter,4.7,No,Express,No,No,48.0,Credit Card,Monthly,2023-03,2023-03,High,High,High
2583.0,1146c9d8e0d710d470817e7572bc1395,view,2023-04-02 10:00:00.000000,2583.0,2583,19.0,Male,Dress,Clothing,98,South Dakota,S,Indigo,Fall,3.6,No,2-Day Shipping,No,No,4.0,Venmo,Every 3 Months,2023-04,2023-04,High,High,High
2584.0,9dacc71032a012d17da61febeafe9df7,like,2023-05-02 10:00:00.000000,2584.0,2584,69.0,Male,Jeans,Clothing,93,Oklahoma,M,Lavender,Fall,2.5,No,Next Day Air,No,No,9.0,Cash,Weekly,2023-05,2023-05,High,High,High
2585.0,3ec660a41aaf331f252b9e7d281de277,like,2023-06-02 10:00:00.000000,2585.0,2585,26.0,Male,Socks,Clothing,30,Florida,L,Blue,Summer,2.9,No,Store Pickup,No,No,26.0,Bank Transfer,Bi-Weekly,2023-06,2023-06,Low,Low,Low
2586.0,c8833f3cf6a61b9c39c90eef38efbe66,purchase,2023-07-02 10:00:00.000000,2586.0,2586,57.0,Male,Sunglasses,Accessories,37,Wisconsin,L,Maroon,Fall,4.4,No,Free Shipping,No,No,19.0,Debit Card,Weekly,2023-07,2023-07,Low,Low,Low
2587.0,dca2e4837d3574733e26d096aff46cb3,view,2023-08-02 10:00:00.000000,2587.0,2587,20.0,Male,Coat,Outerwear,28,Maine,L,Yellow,Winter,4.6,No,Express,No,No,1.0,Credit Card,Every 3 Months,2023-08,2023-08,Low,Low,Low
2588.0,4366c6e067be9ba15f287d2b61779d49,like,2023-09-02 10:00:00.000000,2588.0,2588,55.0,Male,Scarf,Accessories,29,Connecticut,M,Purple,Winter,3.7,No,Express,No,No,29.0,PayPal,Every 3 Months,2023-09,2023-09,Low,Low,Low
2589.0,c1e85364b71146414e9b09c3902f73a8,purchase,2023-10-02 10:00:00.000000,2589.0,2589,44.0,Male,Backpack,Accessories,49,Delaware,M,Peach,Summer,3.2,No,Free Shipping,No,No,38.0,Venmo,Bi-Weekly,2023-10,2023-10,Medium,Medium,Medium
2590.0,e469b569286fd8a4a059f7c64e6de639,purchase,2023-11-02 10:00:00.000000,2590.0,2590,52.0,Male,Pants,Clothing,53,North Dakota,M,Silver,Winter,4.9,No,2-Day Shipping,No,No,31.0,PayPal,Annually,2023-11,2023-11,Medium,Medium,Medium
2591.0,708e589971d1a9d3b5dddac6efcaec44,view,2023-12-02 10:00:00.000000,2591.0,2591,57.0,Male,Gloves,Accessories,66,California,M,Turquoise,Summer,5.0,No,Free Shipping,No,No,35.0,Venmo,Annually,2023-12,2023-12,Medium,Medium,Medium
2608.0,1fd1d07c5078146a58edf10d8d880667,view,2023-01-03 10:00:00.000000,2608.0,2608,41.0,Male,Shoes,Footwear,36,Oklahoma,XL,Teal,Spring,3.1,No,Express,No,No,38.0,PayPal,Every 3 Months,2023-01,2023-01,Low,Low,Low
2609.0,2babf48620c3a98af3a3535a2bcd71ea,like,2023-02-03 10:00:00.000000,2609.0,2609,42.0,Male,Jacket,Outerwear,68,Mississippi,L,Orange,Fall,4.2,No,2-Day Shipping,No,No,48.0,Credit Card,Fortnightly,2023-02,2023-02,Medium,Medium,Medium
2610.0,46292beadb6156f3a8b5daf83d1ae0f5,like,2023-03-03 10:00:00.000000,2610.0,2610,66.0,Male,Backpack,Accessories,95,Arkansas,M,Black,Summer,3.0,No,Store Pickup,No,No,18.0,Debit Card,Bi-Weekly,2023-03,2023-03,High,High,High
2611.0,cc5f508a1cc8d6f350c7bef020b3f54b,purchase,2023-04-03 10:00:00.000000,2611.0,2611,66.0,Male,Jeans,Clothing,93,West Virginia,M,Violet,Spring,3.1,No,Express,No,No,25.0,Cash,Quarterly,2023-04,2023-04,High,High,High
2612.0,707f45272b26d8de31c1d5c98be520cd,view,2023-05-03 10:00:00.000000,2612.0,2612,33.0,Male,Jacket,Outerwear,99,Michigan,L,Maroon,Fall,4.2,No,2-Day Shipping,No,No,4.0,Cash,Fortnightly,2023-05,2023-05,High,High,High
2613.0,3c10014c1dc1287ca516e9fee0ea0bba,like,2023-06-03 10:00:00.000000,2613.0,2613,55.0,Male,Sunglasses,Accessories,22,Louisiana,M,Turquoise,Winter,3.8,No,Next Day Air,No,No,27.0,Venmo,Quarterly,2023-06,2023-06,Low,Low,Low
2614.0,081e97de7d8a5ca9b0c772c8af050d23,purchase,2023-07-03 10:00:00.000000,2614.0,2614,58.0,Male,Gloves,Accessories,88,South Dakota,M,Gold,Fall,2.9,No,Express,No,No,14.0,Bank Transfer,Monthly,2023-07,2023-07,High,High,High
2615.0,6356b84edc00b9c0ea606ba0f6ef4ec7,purchase,2023-08-03 10:00:00.000000,2615.0,2615,18.0,Male,Jacket,Outerwear,65,North Dakota,M,Turquoise,Spring,4.2,No,Express,No,No,36.0,Bank Transfer,Fortnightly,2023-08,2023-08,Medium,Medium,Medium
2616.0,182f957ebf7619d6e46aba91b118f442,view,2023-09-03 10:00:00.000000,2616.0,2616,49.0,Male,T-shirt,Clothing,62,Arizona,M,Maroon,Fall,3.1,No,2-Day Shipping,No,No,6.0,Debit Card,Quarterly,2023-09,2023-09,Medium,Medium,Medium
2617.0,8408822d462b23e057582315adb983dd,like,2023-10-03 10:00:00.000000,2617.0,2617,61.0,Male,Sandals,Footwear,55,Georgia,XL,Purple,Spring,3.6,No,Express,No,No,46.0,Cash,Annually,2023-10,2023-10,Medium,Medium,Medium
2618.0,f4ef59df2c989c753250162554997646,view,2023-11-03 10:00:00.000000,2618.0,2618,31.0,Male,Shorts,Clothing,97,Idaho,S,Maroon,Spring,4.8,No,Standard,No,No,29.0,Bank Transfer,Annually,2023-11,2023-11,High,High,High
2619.0,3288100bddb935e7af9ace0496925b44,like,2023-12-03 10:00:00.000000,2619.0,2619,70.0,Male,Handbag,Accessories,77,Louisiana,L,Brown,Fall,4.1,No,Express,No,No,12.0,Venmo,Monthly,2023-12,2023-12,High,High,High
2639.0,88277e855d6c9b02649ac00086394d22,purchase,2023-01-04 10:00:00.000000,2639.0,2639,22.0,Male,Shirt,Clothing,34,Hawaii,S,Black,Spring,4.2,No,Store Pickup,No,No,35.0,Credit Card,Annually,2023-01,2023-01,Low,Low,Low
2640.0,acb3fd88d30158490886c554128ebbec,purchase,2023-02-04 10:00:00.000000,2640.0,2640,18.0,Male,Blouse,Clothing,35,New Hampshire,XL,Pink,Winter,2.6,No,Free Shipping,No,No,33.0,Debit Card,Quarterly,2023-02,2023-02,Low,Low,Low
2641.0,69c03be963a78464d6c06f9576f22b0c,purchase,2023-03-04 10:00:00.000000,2641.0,2641,30.0,Male,Skirt,Clothing,75,Indiana,L,Olive,Summer,4.0,No,Store Pickup,No,No,45.0,Venmo,Bi-Weekly,2023-03,2023-03,High,High,High
2642.0,76b684ce1f101f927bd3a0dc84ac75ee,view,2023-04-04 10:00:00.000000,2642.0,2642,25.0,Male,Sunglasses,Accessories,60,Vermont,XL,Olive,Winter,2.7,No,Next Day Air,No,No,20.0,Bank Transfer,Every 3 Months,2023-04,2023-04,Medium,Medium,Medium
2643.0,9bf383d416cfdf42b2ed4f018654212a,purchase,2023-05-04 10:00:00.000000,2643.0,2643,39.0,Male,Belt,Accessories,87,Iowa,L,Peach,Summer,4.0,No,Store Pickup,No,No,48.0,Bank Transfer,Annually,2023-05,2023-05,High,High,High
2644.0,ed67fff7952f68b46a7fcd001b0e055f,view,2023-06-04 10:00:00.000000,2644.0,2644,49.0,Male,Gloves,Accessories,41,Maryland,S,Silver,Spring,2.9,No,Next Day Air,No,No,37.0,Cash,Monthly,2023-06,2023-06,Low,Low,Low
2645.0,03c9f00cd851983e7b5c75ecfe418d32,like,2023-07-04 10:00:00.000000,2645.0,2645,25.0,Male,Pants,Clothing,83,New Mexico,M,Turquoise,Spring,3.3,No,Standard,No,No,4.0,Bank Transfer,Every 3 Months,2023-07,2023-07,High,High,High
2646.0,4b6ee3211515a424ab63b0adea22fce3,view,2023-08-04 10:00:00.000000,2646.0,2646,23.0,Male,Scarf,Accessories,81,Louisiana,L,Olive,Spring,4.0,No,Store Pickup,No,No,24.0,Bank Transfer,Bi-Weekly,2023-08,2023-08,High,High,High
2647.0,5e86b6d61854a2329d2a7bdbf4f6d620,like,2023-09-04 10:00:00.000000,2647.0,2647,33.0,Male,T-shirt,Clothing,56,New Mexico,S,Lavender,Summer,3.9,No,Next Day Air,No,No,4.0,Debit Card,Every 3 Months,2023-09,2023-09,Medium,Medium,Medium
2648.0,3019c0ac11c3291208c5210d32b73ac3,like,2023-10-04 10:00:00.000000,2648.0,2648,60.0,Male,Shoes,Footwear,58,South Carolina,M,Red,Summer,3.3,No,2-Day Shipping,No,No,25.0,Debit Card,Annually,2023-10,2023-10,Medium,Medium,Medium
2649.0,d627d6ba2a8770967d65b48ed9bdd0f6,purchase,2023-11-04 10:00:00.000000,2649.0,2649,51.0,Male,Pants,Clothing,84,Illinois,M,Gray,Spring,3.9,No,Next Day Air,No,No,14.0,PayPal,Bi-Weekly,2023-11,2023-11,High,High,High
2650.0,a1d07e66f5e087775442d956476014e9,view,2023-12-04 10:00:00.000000,2650.0,2650,23.0,Male,Gloves,Accessories,21,Minnesota,M,Magenta,Fall,3.9,No,Store Pickup,No,No,14.0,Bank Transfer,Fortnightly,2023-12,2023-12,Low,Low,Low
2669.0,b90d8f15c5b5257430a78b63c02e2f82,purchase,2023-01-05 10:00:00.000000,2669.0,2669,59.0,Female,Coat,Outerwear,75,Texas,M,Black,Summer,4.8,No,Next Day Air,No,No,9.0,PayPal,Quarterly,2023-01,2023-01,High,High,High
2670.0,cf0b682df84339f1ac3a89022a65567e,view,2023-02-05 10:00:00.000000,2670.0,2670,39.0,Female,Belt,Accessories,28,Illinois,L,Teal,Spring,2.8,No,Free Shipping,No,No,31.0,Credit Card,Weekly,2023-02,2023-02,Low,Low,Low
2671.0,d1761317b097fd113780c5ce27c19c23,like,2023-03-05 10:00:00.000000,2671.0,2671,30.0,Female,Sunglasses,Accessories,44,Pennsylvania,M,Yellow,Fall,4.7,No,Express,No,No,26.0,Bank Transfer,Bi-Weekly,2023-03,2023-03,Low,Low,Low
2672.0,4a6215ee84d75da7203a38f7f1dda92e,purchase,2023-04-05 10:00:00.000000,2672.0,2672,37.0,Female,Sandals,Footwear,64,Alabama,XL,Gray,Winter,4.8,No,2-Day Shipping,No,No,41.0,PayPal,Every 3 Months,2023-04,2023-04,Medium,Medium,Medium
2673.0,71c27cac8d8f05102fcb8013303e07cc,purchase,2023-05-05 10:00:00.000000,2673.0,2673,56.0,Female,Boots,Footwear,28,West Virginia,M,Maroon,Spring,2.9,No,Standard,No,No,13.0,Cash,Annually,2023-05,2023-05,Low,Low,Low
2674.0,f24d06bf880ac8171c744beb16cbee6f,view,2023-06-05 10:00:00.000000,2674.0,2674,67.0,Female,Hoodie,Clothing,21,Nevada,M,Olive,Summer,2.6,No,2-Day Shipping,No,No,4.0,Cash,Monthly,2023-06,2023-06,Low,Low,Low
2675.0,4d627edc00141266ce46b94963b66528,like,2023-07-05 10:00:00.000000,2675.0,2675,40.0,Female,Hat,Accessories,41,Florida,S,Charcoal,Fall,3.3,No,Express,No,No,15.0,Cash,Every 3 Months,2023-07,2023-07,Low,Low,Low
2676.0,cde8ff6a075f3ffa66563f5c64dfc2a1,view,2023-08-05 10:00:00.000000,2676.0,2676,24.0,Female,Shorts,Clothing,38,Virginia,M,Peach,Winter,3.4,No,Free Shipping,No,No,38.0,Cash,Bi-Weekly,2023-08,2023-08,Low,Low,Low
2677.0,36c4341b588f8ce4c4b6021e8f4d9cff,like,2023-09-05 10:00:00.000000,2677.0,2677,43.0,Female,Backpack,Accessories,77,Kentucky,M,Maroon,Spring,3.6,No,Free Shipping,No,No,3.0,Cash,Fortnightly,2023-09,2023-09,High,High,High
2678.0,32583ba070f1e6a479ca688319dd3d27,like,2023-10-05 10:00:00.000000,2678.0,2678,45.0,Female,Shorts,Clothing,43,Connecticut,L,Olive,Spring,3.8,No,Next Day Air,No,No,6.0,PayPal,Every 3 Months,2023-10,2023-10,Low,Low,Low
2679.0,0f4430a71110c64ce27259862b79b778,purchase,2023-11-05 10:00:00.000000,2679.0,2679,33.0,Female,Belt,Accessories,91,Montana,M,Magenta,Spring,3.4,No,2-Day Shipping,No,No,34.0,Credit Card,Bi-Weekly,2023-11,2023-11,High,High,High
2680.0,8d800b1b17acb4524bb15bea9d32d81b,view,2023-12-05 10:00:00.000000,2680.0,2680,53.0,Female,Shorts,Clothing,68,Montana,S,Yellow,Spring,3.8,No,Express,No,No,7.0,Debit Card,Quarterly,2023-12,2023-12,Medium,Medium,Medium
2700.0,37a975657810f6a0b4cf9110f4902f1b,view,2023-01-06 10:00:00.000000,2700.0,2700,25.0,Female,Boots,Footwear,96,Utah,M,Violet,Fall,3.6,No,2-Day Shipping,No,No,49.0,Debit Card,Annually,2023-01,2023-01,High,High,High
2701.0,ab5232237462a8796c711dce637a6a45,like,2023-02-06 10:00:00.000000,2701.0,2701,22.0,Female,T-shirt,Clothing,68,California,XL,Olive,Winter,3.2,No,Standard,No,No,36.0,Cash,Weekly,2023-02,2023-02,Medium,Medium,Medium
2702.0,b92ccf1870664d7433defc3a96949ae7,like,2023-03-06 10:00:00.000000,2702.0,2702,49.0,Female,Sweater,Clothing,30,Idaho,L,Silver,Summer,2.8,No,Store Pickup,No,No,18.0,Bank Transfer,Fortnightly,2023-03,2023-03,Low,Low,Low
2703.0,f7adaf8dd9ce94de74cf5608ba7b4328,purchase,2023-04-06 10:00:00.000000,2703.0,2703,70.0,Female,Shoes,Footwear,37,Texas,L,Gray,Fall,4.0,No,Next Day Air,No,No,39.0,Debit Card,Fortnightly,2023-04,2023-04,Low,Low,Low
2704.0,ba526b332896c69bb42c5b8408e05ae6,view,2023-05-06 10:00:00.000000,2704.0,2704,56.0,Female,Scarf,Accessories,42,Tennessee,XL,Olive,Winter,4.4,No,Free Shipping,No,No,34.0,PayPal,Weekly,2023-05,2023-05,Low,Low,Low
2705.0,00037729f1cb566e149f0beff2d9ffd3,like,2023-06-06 10:00:00.000000,2705.0,2705,52.0,Female,Dress,Clothing,54,Tennessee,L,Beige,Spring,3.4,No,Next Day Air,No,No,35.0,Debit Card,Weekly,2023-06,2023-06,Medium,Medium,Medium
2706.0,27299b82ccfdec4fde47ad6d21432929,purchase,2023-07-06 10:00:00.000000,2706.0,2706,65.0,Female,Jacket,Outerwear,81,Washington,S,Turquoise,Spring,5.0,No,Store Pickup,No,No,1.0,Credit Card,Bi-Weekly,2023-07,2023-07,High,High,High
2707.0,ed9a3c0d55925aadadd58e5b8cfaff7f,purchase,2023-08-06 10:00:00.000000,2707.0,2707,24.0,Female,Shoes,Footwear,40,Alabama,S,Blue,Spring,3.1,No,Express,No,No,48.0,Debit Card,Quarterly,2023-08,2023-08,Low,Low,Low
2708.0,4a940d45ad23c7f8b0afb91047b0dff6,view,2023-09-06 10:00:00.000000,2708.0,2708,32.0,Female,Backpack,Accessories,88,Nebraska,M,Pink,Fall,4.2,No,Standard,No,No,19.0,Cash,Weekly,2023-09,2023-09,High,High,High
2709.0,21e61cca6882db7cd5007d212069ea3a,like,2023-10-06 10:00:00.000000,2709.0,2709,57.0,Female,Dress,Clothing,94,Alabama,M,Teal,Summer,3.3,No,Store Pickup,No,No,44.0,Debit Card,Weekly,2023-10,2023-10,High,High,High
2710.0,7214788607bfa24ac8a713e28ecf2a87,view,2023-11-06 10:00:00.000000,2710.0,2710,35.0,Female,Shirt,Clothing,54,Illinois,S,Cyan,Winter,2.9,No,Standard,No,No,9.0,Credit Card,Bi-Weekly,2023-11,2023-11,Medium,Medium,Medium
2711.0,dfeb7506f634d306cd6377199f27a645,like,2023-12-06 10:00:00.000000,2711.0,2711,69.0,Female,Jacket,Outerwear,51,Wisconsin,L,Purple,Summer,4.7,No,Standard,No,No,3.0,Bank Transfer,Fortnightly,2023-12,2023-12,Medium,Medium,Medium
2730.0,135eb28eb79737354709dfc96a851b83,view,2023-01-07 10:00:00.000000,2730.0,2730,31.0,Female,Gloves,Accessories,71,Montana,S,Violet,Summer,4.1,No,Free Shipping,No,No,32.0,Credit Card,Monthly,2023-01,2023-01,Medium,Medium,Medium
2731.0,2615e0522bf703fe721f4c00e5f44306,like,2023-02-07 10:00:00.000000,2731.0,2731,23.0,Female,Gloves,Accessories,32,Wisconsin,M,Teal,Winter,4.1,No,Store Pickup,No,No,37.0,Bank Transfer,Annually,2023-02,2023-02,Low,Low,Low
2732.0,6a113e1c0ede5ac50927b10922b1468d,like,2023-03-07 10:00:00.000000,2732.0,2732,52.0,Female,Handbag,Accessories,33,Wisconsin,M,Red,Summer,2.5,No,2-Day Shipping,No,No,44.0,Bank Transfer,Quarterly,2023-03,2023-03,Low,Low,Low
2733.0,2c159099b942d19d2b261cd0344dd25c,purchase,2023-04-07 10:00:00.000000,2733.0,2733,21.0,Female,Socks,Clothing,75,Delaware,L,Orange,Winter,4.2,No,Store Pickup,No,No,27.0,Debit Card,Every 3 Months,2023-04,2023-04,High,High,High
2734.0,051be086be103dd2179573ebdb948e51,view,2023-05-07 10:00:00.000000,2734.0,2734,31.0,Female,Backpack,Accessories,83,North Carolina,M,Magenta,Summer,4.7,No,Express,No,No,46.0,PayPal,Annually,2023-05,2023-05,High,High,High
2735.0,a99b924e6fe35743ea4135aa5a3c8dc1,like,2023-06-07 10:00:00.000000,2735.0,2735,63.0,Female,Jeans,Clothing,93,New York,XL,Yellow,Summer,2.7,No,2-Day Shipping,No,No,13.0,Cash,Bi-Weekly,2023-06,2023-06,High,High,High
2736.0,8839817bda98cefe786e4475f662d064,purchase,2023-07-07 10:00:00.000000,2736.0,2736,46.0,Female,Skirt,Clothing,29,California,M,Yellow,Spring,3.0,No,Express,No,No,2.0,PayPal,Bi-Weekly,2023-07,2023-07,Low,Low,Low
2737.0,c51ff86f838a51067bfab9f8e98b6894,purchase,2023-08-07 10:00:00.000000,2737.0,2737,44.0,Female,Hoodie,Clothing,25,Montana,M,Pink,Spring,4.8,No,Store Pickup,No,No,45.0,Credit Card,Annually,2023-08,2023-08,Low,Low,Low
2738.0,0a3d89332968a2921529ac57f66309a0,view,2023-09-07 10:00:00.000000,2738.0,2738,57.0,Female,Jewelry,Accessories,76,North Carolina,S,Indigo,Spring,4.4,No,Free Shipping,No,No,35.0,Cash,Every 3 Months,2023-09,2023-09,High,High,High
2739.0,0ba520f6cace956768129e99c57d8b22,like,2023-10-07 10:00:00.000000,2739.0,2739,50.0,Female,Sneakers,Footwear,81,Ohio,M,Charcoal,Summer,4.3,No,2-Day Shipping,No,No,39.0,Venmo,Every 3 Months,2023-10,2023-10,High,High,High
2740.0,402a2f803e8e4018cfd21523dcf8e17c,view,2023-11-07 10:00:00.000000,2740.0,2740,33.0,Female,Shirt,Clothing,80,Alaska,XL,Blue,Winter,2.5,No,Store Pickup,No,No,39.0,Credit Card,Every 3 Months,2023-11,2023-11,High,High,High
2741.0,df47c5885f2965278be94a864ac218b8,like,2023-12-07 10:00:00.000000,2741.0,2741,19.0,Female,Sunglasses,Accessories,70,Pennsylvania,M,Lavender,Summer,4.9,No,Free Shipping,No,No,34.0,Bank Transfer,Fortnightly,2023-12,2023-12,Medium,Medium,Medium
2761.0,cbb38ba66f34b59a1078ca6560bfd7c2,like,2023-01-08 10:00:00.000000,2761.0,2761,41.0,Female,Skirt,Clothing,82,Alaska,S,Violet,Fall,5.0,No,Next Day Air,No,No,41.0,Credit Card,Bi-Weekly,2023-01,2023-01,High,High,High
2762.0,500026cca3cfc5802ccd2aca30120326,view,2023-02-08 10:00:00.000000,2762.0,2762,31.0,Female,Sneakers,Footwear,82,Michigan,M,Purple,Fall,3.4,No,Next Day Air,No,No,3.0,Credit Card,Every 3 Months,2023-02,2023-02,High,High,High
2763.0,37d676f5e32a707feb0666cf308adfd8,like,2023-03-08 10:00:00.000000,2763.0,2763,58.0,Female,T-shirt,Clothing,41,Georgia,M,Charcoal,Fall,3.8,No,Store Pickup,No,No,10.0,Debit Card,Every 3 Months,2023-03,2023-03,Low,Low,Low
2764.0,734fb3a4ce2245af448045f4b103ca4c,purchase,2023-04-08 10:00:00.000000,2764.0,2764,28.0,Female,Handbag,Accessories,52,West Virginia,M,Green,Fall,2.9,No,2-Day Shipping,No,No,35.0,Venmo,Quarterly,2023-04,2023-04,Medium,Medium,Medium
2765.0,a4461ad1658c41fcebbe3d24af8b5c6c,view,2023-05-08 10:00:00.000000,2765.0,2765,63.0,Female,Sweater,Clothing,41,Arizona,XL,White,Spring,2.6,No,Next Day Air,No,No,2.0,Debit Card,Weekly,2023-05,2023-05,Low,Low,Low
2766.0,df9dcdadab777e41c847b8dfc9ed4e07,like,2023-06-08 10:00:00.000000,2766.0,2766,64.0,Female,Gloves,Accessories,70,Colorado,M,Purple,Summer,4.3,No,2-Day Shipping,No,No,24.0,Credit Card,Quarterly,2023-06,2023-06,Medium,Medium,Medium
2767.0,f6e099d7860398bdf2aac36272cc4709,view,2023-07-08 10:00:00.000000,2767.0,2767,66.0,Female,Dress,Clothing,91,Tennessee,M,Cyan,Winter,2.8,No,Standard,No,No,47.0,Credit Card,Monthly,2023-07,2023-07,High,High,High
2768.0,77cd42489215f17eb1c7bb8f7ed58aad,like,2023-08-08 10:00:00.000000,2768.0,2768,31.0,Female,Dress,Clothing,95,Iowa,M,Green,Spring,4.5,No,Free Shipping,No,No,31.0,Cash,Monthly,2023-08,2023-08,High,High,High
2769.0,5250cb7ddf6dbf6d458424a95f98f46e,like,2023-09-08 10:00:00.000000,2769.0,2769,55.0,Female,Blouse,Clothing,25,Kansas,M,Beige,Spring,3.8,No,2-Day Shipping,No,No,28.0,PayPal,Bi-Weekly,2023-09,2023-09,Low,Low,Low
2770.0,ca0b6b5a6ed9b55b61eba3747ae7fd1e,purchase,2023-10-08 10:00:00.000000,2770.0,2770,32.0,Female,Shirt,Clothing,89,Oklahoma,L,Lavender,Fall,3.0,No,Standard,No,No,13.0,Cash,Weekly,2023-10,2023-10,High,High,High
2771.0,177836ff4ccb164ae166d1d937bae71e,view,2023-11-08 10:00:00.000000,2771.0,2771,50.0,Female,Boots,Footwear,44,Nebraska,S,Blue,Fall,3.3,No,Express,No,No,22.0,Bank Transfer,Quarterly,2023-11,2023-11,Low,Low,Low
2772.0,2d906d1408a8824609081453a0421305,like,2023-12-08 10:00:00.000000,2772.0,2772,58.0,Female,Jacket,Outerwear,52,Maryland,S,Beige,Summer,3.1,No,2-Day Shipping,No,No,12.0,Bank Transfer,Fortnightly,2023-12,2023-12,Medium,Medium,Medium
2792.0,7cdffb660e7ece91513ff98f0988a0cf,view,2023-01-09 10:00:00.000000,2792.0,2792,43.0,Female,Gloves,Accessories,60,Iowa,M,Yellow,Fall,2.8,No,Express,No,No,14.0,Venmo,Fortnightly,2023-01,2023-01,Medium,Medium,Medium
2793.0,6751ec46e92327d1d88e68c372ee1bd5,like,2023-02-09 10:00:00.000000,2793.0,2793,54.0,Female,Shorts,Clothing,44,Kentucky,L,Violet,Winter,3.2,No,Express,No,No,11.0,Credit Card,Weekly,2023-02,2023-02,Low,Low,Low
2794.0,ee93fb52dd47c886c969ea95421ada65,like,2023-03-09 10:00:00.000000,2794.0,2794,37.0,Female,Boots,Footwear,57,Massachusetts,M,Silver,Spring,3.1,No,Standard,No,No,27.0,Debit Card,Bi-Weekly,2023-03,2023-03,Medium,Medium,Medium
2795.0,8174b197677e912421556a5b27d0ee19,purchase,2023-04-09 10:00:00.000000,2795.0,2795,33.0,Female,Jacket,Outerwear,24,New York,M,Gold,Fall,3.3,No,Standard,No,No,7.0,Cash,Fortnightly,2023-04,2023-04,Low,Low,Low
2796.0,ce51aa119e3f5e1b6295b1118810eec2,view,2023-05-09 10:00:00.000000,2796.0,2796,33.0,Female,Scarf,Accessories,35,Nebraska,M,Magenta,Winter,3.4,No,Store Pickup,No,No,49.0,PayPal,Annually,2023-05,2023-05,Low,Low,Low
2797.0,b6f59490183540bcf99cec1e3181f0d6,like,2023-06-09 10:00:00.000000,2797.0,2797,55.0,Female,Jacket,Outerwear,73,Oklahoma,M,Red,Winter,3.8,No,Store Pickup,No,No,21.0,Cash,Annually,2023-06,2023-06,Medium,Medium,Medium
2798.0,3d5b8a643534061fe1e4492c88d508d0,purchase,2023-07-09 10:00:00.000000,2798.0,2798,63.0,Female,Jewelry,Accessories,42,Oklahoma,M,Green,Winter,3.5,No,Express,No,No,10.0,Venmo,Every 3 Months,2023-07,2023-07,Low,Low,Low
2799.0,84e97654fe50b2cc416e323ce7e449f2,purchase,2023-08-09 10:00:00.000000,2799.0,2799,52.0,Female,Hoodie,Clothing,20,Rhode Island,XL,Red,Winter,4.8,No,Store Pickup,No,No,37.0,PayPal,Weekly,2023-08,2023-08,Low,Low,Low
2800.0,75f02d7fb0b0f1f9eda10afe8106209c,view,2023-09-09 10:00:00.000000,2800.0,2800,23.0,Female,T-shirt,Clothing,89,Maine,L,Pink,Spring,3.9,No,Free Shipping,No,No,9.0,Bank Transfer,Every 3 Months,2023-09,2023-09,High,High,High
2801.0,0cf29f6f1f7d5bd1053198706dc24e23,like,2023-10-09 10:00:00.000000,2801.0,2801,70.0,Female,Shirt,Clothing,76,Arkansas,L,Violet,Fall,3.4,No,Free Shipping,No,No,14.0,Cash,Bi-Weekly,2023-10,2023-10,High,High,High
2802.0,9d844c2919ac93a0fd893df08e1f1ea2,view,2023-11-09 10:00:00.000000,2802.0,2802,64.0,Female,Shirt,Clothing,56,New Mexico,M,Indigo,Winter,2.6,No,Express,No,No,30.0,PayPal,Annually,2023-11,2023-11,Medium,Medium,Medium
2803.0,f5cb073b053be16e635c286e83a94ea8,like,2023-12-09 10:00:00.000000,2803.0,2803,22.0,Female,Coat,Outerwear,100,Hawaii,L,Red,Fall,3.1,No,Store Pickup,No,No,42.0,Credit Card,Fortnightly,2023-12,2023-12,High,High,High
2820.0,e3b653f4db997f034261901ec03b99eb,purchase,2023-10-10 08:00:00.000000,2820.0,2820,67.0,Female,Shirt,Clothing,27,Georgia,L,Lavender,Spring,3.0,No,Free Shipping,No,No,19.0,Cash,Monthly,2023-10,2023-10,Low,Low,Low
2821.0,65b7222cc82aed538c08eff6175edc50,purchase,2023-11-10 08:00:00.000000,2821.0,2821,26.0,Female,Backpack,Accessories,89,Vermont,L,Yellow,Summer,3.9,No,Free Shipping,No,No,5.0,Cash,Bi-Weekly,2023-11,2023-11,High,High,High
2822.0,f97e47935c0dd72089c5714a3786cfea,view,2023-12-10 08:00:00.000000,2822.0,2822,35.0,Female,Shoes,Footwear,72,Georgia,L,Olive,Summer,4.5,No,Standard,No,No,37.0,Venmo,Monthly,2023-12,2023-12,Medium,Medium,Medium
2842.0,8768e97008796b0d3dc224a7a2e6d69e,view,2023-01-11 08:00:00.000000,2842.0,2842,19.0,Female,Dress,Clothing,33,Ohio,XL,Magenta,Winter,3.0,No,2-Day Shipping,No,No,31.0,Cash,Weekly,2023-01,2023-01,Low,Low,Low
2843.0,6f446b282653172ca1e7a8464d51884c,like,2023-02-11 08:00:00.000000,2843.0,2843,28.0,Female,Coat,Outerwear,100,Arizona,L,Green,Fall,4.3,No,Standard,No,No,48.0,Debit Card,Quarterly,2023-02,2023-02,High,High,High
2844.0,c8a17a85dd35e9f7b2ab9bbd1dd1effa,view,2023-03-11 08:00:00.000000,2844.0,2844,51.0,Female,Sweater,Clothing,26,Ohio,M,White,Summer,3.6,No,Store Pickup,No,No,41.0,Venmo,Weekly,2023-03,2023-03,Low,Low,Low
2845.0,e14fe4c646cb88efc4d9447643568a59,like,2023-04-11 08:00:00.000000,2845.0,2845,32.0,Female,Hat,Accessories,79,New Mexico,M,Indigo,Summer,4.4,No,Standard,No,No,42.0,Venmo,Annually,2023-04,2023-04,High,High,High
2846.0,3b427af16b9ed02958b2516be73f98a3,like,2023-05-11 08:00:00.000000,2846.0,2846,26.0,Female,Backpack,Accessories,77,South Dakota,L,Lavender,Summer,4.1,No,Express,No,No,39.0,Debit Card,Every 3 Months,2023-05,2023-05,High,High,High
2847.0,5470e2bf0347a1d03ce2ba9c529441d6,purchase,2023-06-11 08:00:00.000000,2847.0,2847,50.0,Female,Socks,Clothing,36,Oklahoma,XL,Black,Fall,2.8,No,Next Day Air,No,No,15.0,PayPal,Bi-Weekly,2023-06,2023-06,Low,Low,Low
2848.0,994eefdcf28c3556e16e9828f7f4962d,view,2023-07-11 08:00:00.000000,2848.0,2848,68.0,Female,Jewelry,Accessories,21,Connecticut,L,Charcoal,Winter,2.8,No,Free Shipping,No,No,3.0,PayPal,Every 3 Months,2023-07,2023-07,Low,Low,Low
2849.0,6ed379ea4c5be249417ae98d52a8df4c,like,2023-08-11 08:00:00.000000,2849.0,2849,33.0,Female,Boots,Footwear,72,Wisconsin,L,Gray,Fall,4.9,No,Store Pickup,No,No,28.0,Bank Transfer,Quarterly,2023-08,2023-08,Medium,Medium,Medium
2850.0,e89655c21578fb29a689b52b640ce6f1,view,2023-09-11 08:00:00.000000,2850.0,2850,56.0,Female,Coat,Outerwear,25,New Hampshire,M,Gold,Spring,4.1,No,Express,No,No,27.0,PayPal,Bi-Weekly,2023-09,2023-09,Low,Low,Low
2851.0,7c5d2290890c739372cc83a86775ca13,like,2023-10-11 08:00:00.000000,2851.0,2851,57.0,Female,Sweater,Clothing,79,Nebraska,M,Silver,Spring,3.0,No,Store Pickup,No,No,36.0,Debit Card,Annually,2023-10,2023-10,High,High,High
2852.0,7533b642e403b61cecad3e1da4219f14,like,2023-11-11 08:00:00.000000,2852.0,2852,58.0,Female,Blouse,Clothing,73,Nevada,L,Teal,Summer,3.0,No,Store Pickup,No,No,42.0,Debit Card,Monthly,2023-11,2023-11,Medium,Medium,Medium
2853.0,7010fac121d15c14b2140772113c4f5a,purchase,2023-12-11 08:00:00.000000,2853.0,2853,40.0,Female,Belt,Accessories,71,New York,M,Magenta,Spring,3.0,No,Store Pickup,No,No,30.0,Venmo,Weekly,2023-12,2023-12,Medium,Medium,Medium
2872.0,eeb573b210c72a44eeffb23e038616f3,like,2023-01-12 08:00:00.000000,2872.0,2872,46.0,Female,Shorts,Clothing,43,Idaho,S,Black,Summer,2.7,No,2-Day Shipping,No,No,40.0,Venmo,Bi-Weekly,2023-01,2023-01,Low,Low,Low
2873.0,87f78a1ba957dde09300521b7320374e,like,2023-02-12 08:00:00.000000,2873.0,2873,63.0,Female,Jewelry,Accessories,48,Connecticut,L,Olive,Fall,2.6,No,Next Day Air,No,No,5.0,Cash,Annually,2023-02,2023-02,Medium,Medium,Medium
2874.0,aa57d55bd23b9a869de2fbe5900862db,purchase,2023-03-12 08:00:00.000000,2874.0,2874,44.0,Female,Sweater,Clothing,40,Montana,M,Teal,Spring,2.6,No,Free Shipping,No,No,8.0,Bank Transfer,Monthly,2023-03,2023-03,Low,Low,Low
2875.0,1cb29f878fc3a4e8fdbc9aabb0f30ab5,view,2023-04-12 08:00:00.000000,2875.0,2875,36.0,Female,Shirt,Clothing,29,Colorado,L,Silver,Summer,3.1,No,Standard,No,No,2.0,Debit Card,Annually,2023-04,2023-04,Low,Low,Low
2876.0,20d5dbf7f7620b4d9fb8ba4ca52e079e,like,2023-05-12 08:00:00.000000,2876.0,2876,24.0,Female,Pants,Clothing,81,Kentucky,M,Pink,Fall,2.6,No,Free Shipping,No,No,14.0,Debit Card,Weekly,2023-05,2023-05,High,High,High
2877.0,987917f779540ac6ef9b451053755ffb,purchase,2023-06-12 08:00:00.000000,2877.0,2877,65.0,Female,Hoodie,Clothing,84,New Mexico,M,Charcoal,Spring,3.4,No,2-Day Shipping,No,No,5.0,Bank Transfer,Fortnightly,2023-06,2023-06,High,High,High
2878.0,a0c000e87e601da16137ee0f3b064f6b,purchase,2023-07-12 08:00:00.000000,2878.0,2878,32.0,Female,Socks,Clothing,46,New Jersey,M,Silver,Summer,3.6,No,Standard,No,No,34.0,Venmo,Monthly,2023-07,2023-07,Medium,Medium,Medium
2879.0,8b1fa7cbd70657196c4c848e8b3ad029,view,2023-08-12 08:00:00.000000,2879.0,2879,63.0,Female,Dress,Clothing,86,California,L,Turquoise,Summer,4.3,No,Next Day Air,No,No,13.0,Bank Transfer,Annually,2023-08,2023-08,High,High,High
2880.0,f9c919ea38ecdb92cd87310f16f5b9ea,like,2023-09-12 08:00:00.000000,2880.0,2880,62.0,Female,Blouse,Clothing,57,North Dakota,XL,Turquoise,Winter,4.9,No,Free Shipping,No,No,31.0,Venmo,Annually,2023-09,2023-09,Medium,Medium,Medium
2881.0,ac01da03adb14bf6c212e06c20824bf0,view,2023-10-12 08:00:00.000000,2881.0,2881,19.0,Female,Skirt,Clothing,61,Florida,L,Beige,Winter,4.8,No,Store Pickup,No,No,43.0,PayPal,Quarterly,2023-10,2023-10,Medium,Medium,Medium
2882.0,fb44ea15dcacc649fa90225a8fc0f94c,like,2023-11-12 08:00:00.000000,2882.0,2882,38.0,Female,Backpack,Accessories,90,Texas,M,Cyan,Winter,4.2,No,Free Shipping,No,No,6.0,Bank Transfer,Annually,2023-11,2023-11,High,High,High
2883.0,445ec2be0d6d599cf1616bf200b8058e,like,2023-12-12 08:00:00.000000,2883.0,2883,59.0,Female,Blouse,Clothing,51,Oklahoma,L,Gold,Winter,2.6,No,Store Pickup,No,No,23.0,Credit Card,Bi-Weekly,2023-12,2023-12,Medium,Medium,Medium
2900.0,72aeaa9fcdfc0f875150ea7f73db7759,like,2023-01-01 00:00:00.000000,2900.0,2900,50.0,Female,Boots,Footwear,64,Nebraska,M,Gold,Spring,4.2,No,2-Day Shipping,No,No,22.0,Bank Transfer,Fortnightly,2023-01,2023-01,Medium,Medium,Medium
2905.0,12f10b2a987745ede657b01c5399f52b,view,2023-01-01 10:00:00.000000,2905.0,2905,41.0,Female,Sandals,Footwear,41,Iowa,M,Gray,Spring,4.0,No,2-Day Shipping,No,No,43.0,Venmo,Monthly,2023-01,2023-01,Low,Low,Low
2906.0,6c0e9352d46a7ffeb455bf7d1778da4a,like,2023-02-01 10:00:00.000000,2906.0,2906,58.0,Female,Sunglasses,Accessories,53,New York,L,Black,Winter,4.8,No,Standard,No,No,14.0,Debit Card,Fortnightly,2023-02,2023-02,Medium,Medium,Medium
2907.0,5d77c4f13902bb205f445086d95ee279,purchase,2023-03-01 10:00:00.000000,2907.0,2907,58.0,Female,Coat,Outerwear,27,Virginia,M,Indigo,Spring,3.9,No,Standard,No,No,7.0,Venmo,Annually,2023-03,2023-03,Low,Low,Low
2908.0,97be8c0e7619997e5911f206d70113fb,purchase,2023-04-01 10:00:00.000000,2908.0,2908,19.0,Female,Sunglasses,Accessories,82,Maryland,XL,Lavender,Summer,3.7,No,Next Day Air,No,No,50.0,PayPal,Bi-Weekly,2023-04,2023-04,High,High,High
2909.0,c90da4c6cf379124ebcabe946efa0767,view,2023-05-01 10:00:00.000000,2909.0,2909,43.0,Female,Blouse,Clothing,87,Texas,M,Beige,Winter,3.1,No,Store Pickup,No,No,15.0,Debit Card,Every 3 Months,2023-05,2023-05,High,High,High
2910.0,8e932ffd978b0e82e0756ca76108b464,like,2023-06-01 10:00:00.000000,2910.0,2910,27.0,Female,Backpack,Accessories,78,Louisiana,M,Indigo,Winter,3.0,No,Next Day Air,No,No,40.0,Credit Card,Every 3 Months,2023-06,2023-06,High,High,High
2911.0,25bb5cb1333fe61ac0319982c7e78ada,view,2023-07-01 10:00:00.000000,2911.0,2911,32.0,Female,Belt,Accessories,32,Mississippi,M,Blue,Summer,2.9,No,Store Pickup,No,No,41.0,Credit Card,Monthly,2023-07,2023-07,Low,Low,Low
2912.0,781a2854ba90e6647d4b5a25bc6f1d7d,like,2023-08-01 10:00:00.000000,2912.0,2912,28.0,Female,Socks,Clothing,38,Ohio,XL,Orange,Fall,2.9,No,Next Day Air,No,No,34.0,Venmo,Quarterly,2023-08,2023-08,Low,Low,Low
2913.0,78d3087cc7035ed78eeb102366a76e02,like,2023-09-01 10:00:00.000000,2913.0,2913,48.0,Female,Shoes,Footwear,37,Oregon,M,Yellow,Winter,4.0,No,Standard,No,No,27.0,Cash,Bi-Weekly,2023-09,2023-09,Low,Low,Low
2914.0,81ee706d3e5a9bf058d23e3f86f6b9b7,purchase,2023-10-01 10:00:00.000000,2914.0,2914,43.0,Female,Coat,Outerwear,83,Wyoming,L,Cyan,Winter,3.5,No,Express,No,No,12.0,Cash,Every 3 Months,2023-10,2023-10,High,High,High
2915.0,e5dc6c1585057ad127949189370e4506,view,2023-11-01 10:00:00.000000,2915.0,2915,45.0,Female,Sweater,Clothing,72,Pennsylvania,M,Yellow,Fall,3.8,No,Express,No,No,1.0,Debit Card,Bi-Weekly,2023-11,2023-11,Medium,Medium,Medium
2916.0,08ef23ef8e9cfe73233a3a5beb31acaf,like,2023-12-01 10:00:00.000000,2916.0,2916,26.0,Female,Shirt,Clothing,30,Oregon,M,Cyan,Fall,4.5,No,Express,No,No,39.0,Debit Card,Bi-Weekly,2023-12,2023-12,Low,Low,Low
2929.0,bb8dc1b8b70752905d7208bd6d0f11ef,,2023-10-10 08:00:00.000000,2929.0,2929,40.0,Female,Jewelry,Accessories,80,Alabama,L,Yellow,Spring,3.6,No,Store Pickup,No,No,17.0,Credit Card,Weekly,2023-10,2023-10,High,High,High
2930.0,5578abc62ddd02c0f677e0346130a0e1,,2023-11-10 08:00:00.000000,2930.0,2930,31.0,Female,Socks,Clothing,53,Maine,XL,White,Winter,4.5,No,Next Day Air,No,No,42.0,Venmo,Fortnightly,2023-11,2023-11,Medium,Medium,Medium
2931.0,2c2ac57dfcdf612b70bdcfaa4daff743,,2023-12-10 08:00:00.000000,2931.0,2931,38.0,Female,T-shirt,Clothing,50,Mississippi,M,Orange,Spring,4.0,No,Free Shipping,No,No,14.0,Venmo,Monthly,2023-12,2023-12,Medium,Medium,Medium
2951.0,8c505e5e01fea1654699f3a936fea141,like,2023-01-11 08:00:00.000000,2951.0,2951,22.0,Female,Jeans,Clothing,91,Iowa,S,Maroon,Winter,4.1,No,2-Day Shipping,No,No,44.0,Debit Card,Every 3 Months,2023-01,2023-01,High,High,High
2952.0,5e30320be0e31072de185707a2433f2f,purchase,2023-02-11 08:00:00.000000,2952.0,2952,47.0,Female,Scarf,Accessories,99,Arkansas,L,Maroon,Fall,4.6,No,Free Shipping,No,No,14.0,Cash,Weekly,2023-02,2023-02,High,High,High
2953.0,c7fd0d14235f2af6b0b1c243a5d84b7b,purchase,2023-03-11 08:00:00.000000,2953.0,2953,50.0,Female,Belt,Accessories,24,Alabama,M,Peach,Spring,4.9,No,Next Day Air,No,No,5.0,Debit Card,Monthly,2023-03,2023-03,Low,Low,Low
2954.0,dbfd0925a3ec23d2bd6efb46db628450,view,2023-04-11 08:00:00.000000,2954.0,2954,45.0,Female,Dress,Clothing,82,Maryland,M,Silver,Summer,4.8,No,Next Day Air,No,No,11.0,Credit Card,Annually,2023-04,2023-04,High,High,High
2955.0,b08db16c8ab8615b1aba7b0f6ab9413a,like,2023-05-11 08:00:00.000000,2955.0,2955,33.0,Female,T-shirt,Clothing,28,South Dakota,M,Indigo,Winter,3.9,No,Express,No,No,15.0,Credit Card,Annually,2023-05,2023-05,Low,Low,Low
2956.0,594c7504ddac1e1ceef2175f97e71ed7,view,2023-06-11 08:00:00.000000,2956.0,2956,42.0,Female,Boots,Footwear,67,Vermont,M,Silver,Winter,2.6,No,Free Shipping,No,No,46.0,Credit Card,Annually,2023-06,2023-06,Medium,Medium,Medium
2957.0,57d291852f6a6cf73379a0fcd8c3db94,like,2023-07-11 08:00:00.000000,2957.0,2957,52.0,Female,Dress,Clothing,88,Montana,M,Olive,Fall,3.7,No,Standard,No,No,30.0,Venmo,Monthly,2023-07,2023-07,High,High,High
2958.0,99553affb997bd24d5120f995d8ef62f,like,2023-08-11 08:00:00.000000,2958.0,2958,69.0,Female,Jewelry,Accessories,70,South Dakota,S,Gray,Fall,4.7,No,Standard,No,No,2.0,Cash,Annually,2023-08,2023-08,Medium,Medium,Medium
2959.0,02784146ed29201f578c1d820db5ebeb,purchase,2023-09-11 08:00:00.000000,2959.0,2959,55.0,Female,Skirt,Clothing,100,Ohio,M,Black,Summer,4.5,No,Standard,No,No,28.0,PayPal,Monthly,2023-09,2023-09,High,High,High
2960.0,194492b2162eff01fceac7276ac95ca2,view,2023-10-11 08:00:00.000000,2960.0,2960,38.0,Female,Handbag,Accessories,28,Texas,L,Maroon,Summer,4.7,No,Free Shipping,No,No,9.0,PayPal,Quarterly,2023-10,2023-10,Low,Low,Low
2961.0,b92ff7d197cc7b4ce8198d48539edae8,like,2023-11-11 08:00:00.000000,2961.0,2961,57.0,Female,Coat,Outerwear,48,Indiana,S,Olive,Spring,3.6,No,Standard,No,No,47.0,Credit Card,Weekly,2023-11,2023-11,Medium,Medium,Medium
2962.0,db0f489c6ae9624352e045daef21ae9d,purchase,2023-12-11 08:00:00.000000,2962.0,2962,33.0,Female,Hoodie,Clothing,43,New Hampshire,S,Gold,Fall,2.8,No,Free Shipping,No,No,21.0,Debit Card,Bi-Weekly,2023-12,2023-12,Low,Low,Low
2981.0,66acfed988e50072842e9bbb3c648661,like,2023-01-12 08:00:00.000000,2981.0,2981,70.0,Female,Gloves,Accessories,93,New Jersey,L,Teal,Fall,4.4,No,2-Day Shipping,No,No,9.0,Bank Transfer,Monthly,2023-01,2023-01,High,High,High
2982.0,d033a7e5b6596902f0965ea61fbd08be,purchase,2023-02-12 08:00:00.000000,2982.0,2982,21.0,Female,Pants,Clothing,36,Delaware,L,Pink,Winter,4.9,No,Standard,No,No,37.0,Venmo,Annually,2023-02,2023-02,Low,Low,Low
2983.0,fdb871290f16fa018ffc6abf04630696,purchase,2023-03-12 08:00:00.000000,2983.0,2983,33.0,Female,Dress,Clothing,45,Wisconsin,M,Orange,Summer,3.6,No,Store Pickup,No,No,4.0,Credit Card,Weekly,2023-03,2023-03,Medium,Medium,Medium
2984.0,b0f6902f37cbbc50c1dbbc8e7ffe0e72,view,2023-04-12 08:00:00.000000,2984.0,2984,60.0,Female,Pants,Clothing,44,West Virginia,M,Charcoal,Winter,2.8,No,2-Day Shipping,No,No,1.0,Credit Card,Quarterly,2023-04,2023-04,Low,Low,Low
2985.0,2bda158ef46540e8d7cdc92dbd69d1b1,like,2023-05-12 08:00:00.000000,2985.0,2985,45.0,Female,Gloves,Accessories,32,Texas,L,Red,Spring,4.3,No,2-Day Shipping,No,No,36.0,Debit Card,Bi-Weekly,2023-05,2023-05,Low,Low,Low
2986.0,8bfd5537747166f974eadd65d722f9c9,view,2023-06-12 08:00:00.000000,2986.0,2986,46.0,Female,Belt,Accessories,36,Hawaii,S,Teal,Summer,3.0,No,Express,No,No,21.0,Cash,Bi-Weekly,2023-06,2023-06,Low,Low,Low
2987.0,e7491a4c17f3d12c696f7b05c2383699,like,2023-07-12 08:00:00.000000,2987.0,2987,62.0,Female,Belt,Accessories,85,Arizona,S,Silver,Summer,3.3,No,2-Day Shipping,No,No,16.0,Credit Card,Monthly,2023-07,2023-07,High,High,High
2988.0,cfb3b6af5d75e633611c7448acefb0ec,like,2023-08-12 08:00:00.000000,2988.0,2988,63.0,Female,Skirt,Clothing,36,Louisiana,L,Black,Winter,2.5,No,Store Pickup,No,No,42.0,Cash,Monthly,2023-08,2023-08,Low,Low,Low
2989.0,06e8480f75c0414c5b0441e6df159f35,purchase,2023-09-12 08:00:00.000000,2989.0,2989,69.0,Female,Socks,Clothing,55,Nevada,S,Pink,Spring,5.0,No,2-Day Shipping,No,No,31.0,Debit Card,Monthly,2023-09,2023-09,Medium,Medium,Medium
2990.0,e62eae151fdaeb1d39616bc2e0d4593a,view,2023-10-12 08:00:00.000000,2990.0,2990,46.0,Female,Belt,Accessories,20,Rhode Island,XL,Teal,Summer,4.3,No,2-Day Shipping,No,No,6.0,Credit Card,Weekly,2023-10,2023-10,Low,Low,Low
2991.0,f82c56ff542774f6b432518a0fb09e73,like,2023-11-12 08:00:00.000000,2991.0,2991,69.0,Female,Shirt,Clothing,91,Illinois,M,Teal,Fall,4.2,No,Free Shipping,No,No,24.0,Venmo,Monthly,2023-11,2023-11,High,High,High
2992.0,2e26df8b0c3338d980ffa909786e0d2b,purchase,2023-12-12 08:00:00.000000,2992.0,2992,66.0,Female,Dress,Clothing,71,Utah,L,Green,Summer,3.9,No,Standard,No,No,7.0,PayPal,Bi-Weekly,2023-12,2023-12,Medium,Medium,Medium
,,,2025-12-29 00:43:00.985376,,965,,,,Accessories,399,,,,,,,,,,,,,,,,,
,,,2025-12-29 00:43:00.986072,,2674,,,,Clothing,230,,,,,,,,,,,,,,,,,
,,,2025-12-29 00:43:00.986752,,1553,,,,Clothing,479,,,,,,,,,,,,,,,,,
,,,2025-12-29 00:43:00.987194,,269,,,,Accessories,289,,,,,,,,,,,,,,,,,
,,,2025-12-29 00:43:00.987540,,2784,,,,Footwear,67,,,,,,,,,,,,,,,,,
,,,2025-12-29 00:43:00.987980,,1004,,,,Clothing,63,,,,,,,,,,,,,,,,,
,,,2025-12-29 00:43:00.988483,,2607,,,,Clothing,46,,,,,,,,,,,,,,,,,
,,,2025-12-29 00:43:00.989497,,2820,,,,Footwear,414,,,,,,,,,,,,,,,,,
,,,2025-12-29 00:43:00.990439,,1300,,,,Outerwear,370,,,,,,,,,,,,,,,,,
,,,2025-12-29 00:43:00.990849,,2255,,,,Clothing,483,,,,,,,,,,,,,,,,,
,,,2025-12-29 00:43:00.991352,,2711,,,,Clothing,130,,,,,,,,,,,,,,,,,
,,,2025-12-29 00:43:00.991668,,2345,,,,Footwear,405,,,,,,,,,,,,,,,,,
,,,2025-12-29 00:43:00.991946,,2303,,,,Footwear,488,,,,,,,,,,,,,,,,,
,,,2025-12-29 00:43:00.992192,,1669,,,,Accessories,404,,,,,,,,,,,,,,,,,
,,,2025-12-29 00:43:00.992512,,250,,,,Footwear,58,,,,,,,,,,,,,,,,,
,,,2025-12-29 00:43:05.694376,,592,,,,Outerwear,299,,,,,,,,,,,,,,,,,
,,,2025-12-29 00:43:05.694702,,1753,,,,Footwear,220,,,,,,,,,,,,,,,,,
,,,2025-12-29 00:43:05.695045,,2174,,,,Outerwear,25,,,,,,,,,,,,,,,,,
,,,2025-12-29 00:43:05.695323,,2031,,,,Footwear,494,,,,,,,,,,,,,,,,,
,,,2025-12-29 00:43:05.695664,,1658,,,,Footwear,151,,,,,,,,,,,,,,,,,
,,,2025-12-29 00:43:05.695995,,1262,,,,Accessories,410,,,,,,,,,,,,,,,,,
,,,2025-12-29 00:43:05.696255,,1099,,,,Outerwear,445,,,,,,,,,,,,,,,,,
,,,2025-12-29 00:43:05.696526,,2529,,,,Outerwear,444,,,,,,,,,,,,,,,,,
,,,2025-12-29 00:43:05.697270,,2754,,,,Outerwear,476,,,,,,,,,,,,,,,,,
,,,2025-12-29 00:43:05.698642,,607,,,,Footwear,312,,,,,,,,,,,,,,,,,
,,,2025-12-29 00:43:05.699096,,2013,,,,Accessories,234,,,,,,,,,,,,,,,,,
,,,2025-12-29 00:43:05.699403,,2931,,,,Accessories,168,,,,,,,,,,,,,,,,,
,,,2025-12-29 00:43:05.699667,,2307,,,,Clothing,394,,,,,,,,,,,,,,,,,
,,,2025-12-29 00:43:05.700163,,1505,,,,Outerwear,467,,,,,,,,,,,,,,,,,
,,,2025-12-29 00:43:05.700466,,1860,,,,Clothing,480,,,,,,,,,,,,,,,,,
,,,2025-12-29 00:43:07.849916,,2865,,,,Accessories,313,,,,,,,,,,,,,,,,,
,,,2025-12-29 00:43:07.850358,,1083,,,,Accessories,392,,,,,,,,,,,,,,,,,
,,,2025-12-29 00:43:07.850874,,337,,,,Footwear,137,,,,,,,,,,,,,,,,,
,,,2025-12-29 00:43:07.851249,,2514,,,,Footwear,64,,,,,,,,,,,,,,,,,
,,,2025-12-29 00:43:07.851785,,42,,,,Outerwear,206,,,,,,,,,,,,,,,,,
,,,2025-12-29 00:43:07.852239,,1739,,,,Footwear,263,,,,,,,,,,,,,,,,,
,,,2025-12-29 00:43:07.852712,,886,,,,Outerwear,398,,,,,,,,,,,,,,,,,
,,,2025-12-29 00:43:07.853142,,1228,,,,Footwear,133,,,,,,,,,,,,,,,,,
,,,2025-12-29 00:43:07.854154,,301,,,,Clothing,144,,,,,,,,,,,,,,,,,
,,,2025-12-29 00:43:07.855232,,1883,,,,Outerwear,413,,,,,,,,,,,,,,,,,
,,,2025-12-29 00:43:07.856303,,421,,,,Outerwear,172,,,,,,,,,,,,,,,,,
,,,2025-12-29 00:43:07.856901,,1283,,,,Clothing,464,,,,,,,,,,,,,,,,,
,,,2025-12-29 00:43:07.857452,,2495,,,,Footwear,255,,,,,,,,,,,,,,,,,
,,,2025-12-29 00:43:07.857921,,2480,,,,Clothing,260,,,,,,,,,,,,,,,,,
,,,2025-12-29 00:43:07.858469,,2358,,,,Accessories,269,,,,,,,,,,,,,,,,,
,,,2025-12-29 00:43:09.242678,,1431,,,,Clothing,475,,,,,,,,,,,,,,,,,
,,,2025-12-29 00:43:09.243379,,1953,,,,Outerwear,199,,,,,,,,,,,,,,,,,
,,,2025-12-29 00:43:09.243805,,2515,,,,Clothing,392,,,,,,,,,,,,,,,,,
,,,2025-12-29 00:43:09.244531,,97,,,,Accessories,323,,,,,,,,,,,,,,,,,
,,,2025-12-29 00:43:09.245027,,2091,,,,Outerwear,472,,,,,,,,,,,,,,,,,
,,,2025-12-29 00:43:09.245495,,950,,,,Footwear,47,,,,,,,,,,,,,,,,,
,,,2025-12-29 00:43:09.245874,,75,,,,Footwear,50,,,,,,,,,,,,,,,,,
,,,2025-12-29 00:43:09.246233,,2782,,,,Outerwear,117,,,,,,,,,,,,,,,,,
,,,2025-12-29 00:43:09.247280,,750,,,,Outerwear,458,,,,,,,,,,,,,,,,,
,,,2025-12-29 00:43:09.248229,,2121,,,,Clothing,268,,,,,,,,,,,,,,,,,
,,,2025-12-29 00:43:09.248866,,2421,,,,Clothing,364,,,,,,,,,,,,,,,,,
,,,2025-12-29 00:43:09.249409,,1290,,,,Clothing,443,,,,,,,,,,,,,,,,,
,,,2025-12-29 00:43:09.249867,,666,,,,Outerwear,332,,,,,,,,,,,,,,,,,
,,,2025-12-29 00:43:09.250370,,184,,,,Footwear,341,,,,,,,,,,,,,,,,,
,,,2025-12-29 00:43:09.250737,,667,,,,Accessories,37,,,,,,,,,,,,,,,,,
,,,2025-12-29 00:43:10.923178,,746,,,,Footwear,82,,,,,,,,,,,,,,,,,
,,,2025-12-29 00:43:10.923651,,931,,,,Accessories,248,,,,,,,,,,,,,,,,,
,,,2025-12-29 00:43:10.924119,,672,,,,Clothing,160,,,,,,,,,,,,,,,,,
,,,2025-12-29 00:43:10.924734,,2138,,,,Clothing,47,,,,,,,,,,,,,,,,,
,,,2025-12-29 00:43:10.925231,,302,,,,Footwear,397,,,,,,,,,,,,,,,,,
,,,2025-12-29 00:43:10.925772,,1556,,,,Accessories,433,,,,,,,,,,,,,,,,,
,,,2025-12-29 00:43:10.926558,,2958,,,,Accessories,81,,,,,,,,,,,,,,,,,
,,,2025-12-29 00:43:10.927259,,2248,,,,Clothing,97,,,,,,,,,,,,,,,,,
,,,2025-12-29 00:43:10.928062,,1441,,,,Clothing,483,,,,,,,,,,,,,,,,,
,,,2025-12-29 00:43:10.929483,,1619,,,,Outerwear,370,,,,,,,,,,,,,,,,,
,,,2025-12-29 00:43:10.930138,,469,,,,Accessories,472,,,,,,,,,,,,,,,,,
,,,2025-12-29 00:43:10.930712,,839,,,,Clothing,34,,,,,,,,,,,,,,,,,
,,,2025-12-29 00:43:10.931148,,2841,,,,Footwear,43,,,,,,,,,,,,,,,,,
,,,2025-12-29 00:43:10.931623,,1243,,,,Outerwear,260,,,,,,,,,,,,,,,,,
,,,2025-12-29 00:43:10.932096,,1934,,,,Footwear,447,,,,,,,,,,,,,,,,,
,,,2025-12-29 01:04:00.851060,,172,,,,Clothing,237,,,,,,,,,,,,,,,,,
,,,2025-12-29 01:04:00.851606,,1467,,,,Outerwear,441,,,,,,,,,,,,,,,,,
,,,2025-12-29 01:04:00.852142,,1841,,,,Clothing,219,,,,,,,,,,,,,,,,,
,,,2025-12-29 01:04:00.852529,,2681,,,,Footwear,466,,,,,,,,,,,,,,,,,
,,,2025-12-29 01:04:00.852894,,104,,,,Accessories,399,,,,,,,,,,,,,,,,,
,,,2025-12-29 01:04:00.853605,,1976,,,,Clothing,27,,,,,,,,,,,,,,,,,
,,,2025-12-29 01:04:00.854705,,605,,,,Clothing,130,,,,,,,,,,,,,,,,,
,,,2025-12-29 01:04:00.856330,,746,,,,Footwear,211,,,,,,,,,,,,,,,,,
,,,2025-12-29 01:04:00.857027,,1027,,,,Footwear,416,,,,,,,,,,,,,,,,,
,,,2025-12-29 01:04:00.857497,,1993,,,,Clothing,274,,,,,,,,,,,,,,,,,
,,,2025-12-29 01:04:00.858005,,492,,,,Outerwear,306,,,,,,,,,,,,,,,,,
,,,2025-12-29 01:04:00.858390,,500,,,,Outerwear,409,,,,,,,,,,,,,,,,,
,,,2025-12-29 01:04:00.858684,,1201,,,,Footwear,289,,,,,,,,,,,,,,,,,
,,,2025-12-29 01:04:00.858964,,1481,,,,Accessories,178,,,,,,,,,,,,,,,,,
,,,2025-12-29 01:04:00.859236,,2380,,,,Footwear,295,,,,,,,,,,,,,,,,,
,,,2025-12-29 01:04:12.547996,,1340,,,,Clothing,464,,,,,,,,,,,,,,,,,
,,,2025-12-29 01:04:12.548622,,2394,,,,Footwear,130,,,,,,,,,,,,,,,,,
,,,2025-12-29 01:04:12.549450,,215,,,,Clothing,216,,,,,,,,,,,,,,,,,
,,,2025-12-29 01:04:12.549951,,374,,,,Accessories,309,,,,,,,,,,,,,,,,,
,,,2025-12-29 01:04:12.550466,,1206,,,,Clothing,112,,,,,,,,,,,,,,,,,
,,,2025-12-29 01:04:12.550873,,2950,,,,Clothing,410,,,,,,,,,,,,,,,,,
,,,2025-12-29 01:04:12.551257,,987,,,,Accessories,366,,,,,,,,,,,,,,,,,
,,,2025-12-29 01:04:12.551562,,1449,,,,Outerwear,284,,,,,,,,,,,,,,,,,
,,,2025-12-29 01:04:12.551905,,217,,,,Outerwear,88,,,,,,,,,,,,,,,,,
,,,2025-12-29 01:04:12.552234,,2162,,,,Accessories,182,,,,,,,,,,,,,,,,,
,,,2025-12-29 01:04:12.552532,,137,,,,Outerwear,73,,,,,,,,,,,,,,,,,
,,,2025-12-29 01:04:12.552884,,408,,,,Outerwear,128,,,,,,,,,,,,,,,,,
,,,2025-12-29 01:04:12.553266,,2144,,,,Accessories,412,,,,,,,,,,,,,,,,,
,,,2025-12-29 01:04:12.553788,,887,,,,Outerwear,308,,,,,,,,,,,,,,,,,
,,,2025-12-29 01:04:12.554622,,2320,,,,Accessories,472,,,,,,,,,,,,,,,,,
,,,2025-12-29 01:06:51.650161,,333,,,,Outerwear,423,,,,,,,,,,,,,,,,,
,,,2025-12-29 01:06:51.651074,,2180,,,,Footwear,183,,,,,,,,,,,,,,,,,
,,,2025-12-29 01:06:51.651624,,1946,,,,Clothing,168,,,,,,,,,,,,,,,,,
,,,2025-12-29 01:06:51.652724,,1744,,,,Footwear,311,,,,,,,,,,,,,,,,,
,,,2025-12-29 01:06:51.653254,,1358,,,,Accessories,46,,,,,,,,,,,,,,,,,
,,,2025-12-29 01:22:59.580843,,1930,,,,Footwear,130,,,,,,,,,,,,,,,,,
,,,2025-12-29 01:22:59.581268,,2769,,,,Outerwear,453,,,,,,,,,,,,,,,,,
,,,2025-12-29 01:22:59.581695,,1709,,,,Footwear,91,,,,,,,,,,,,,,,,,
,,,2025-12-29 01:22:59.582083,,2782,,,,Clothing,479,,,,,,,,,,,,,,,,,
,,,2025-12-29 01:22:59.582641,,1174,,,,Outerwear,483,,,,,,,,,,,,,,,,,
,,,2025-12-29 01:58:29.676097,,1661,,,,Outerwear,20,,,,,,,,,,,,,,,,,
,,,2025-12-29 01:58:29.676495,,26,,,,Accessories,37,,,,,,,,,,,,,,,,,
,,,2025-12-29 01:58:29.677659,,2291,,,,Footwear,238,,,,,,,,,,,,,,,,,
,,,2025-12-29 01:58:29.678528,,2270,,,,Outerwear,22,,,,,,,,,,,,,,,,,
,,,2025-12-29 01:58:29.679027,,2396,,,,Footwear,304,,,,,,,,,,,,,,,,,
,,,2025-12-29 01:58:31.081452,,1729,,,,Outerwear,381,,,,,,,,,,,,,,,,,
,,,2025-12-29 01:58:31.081718,,2544,,,,Outerwear,286,,,,,,,,,,,,,,,,,
,,,2025-12-29 01:58:31.082036,,1112,,,,Accessories,94,,,,,,,,,,,,,,,,,
,,,2025-12-29 01:58:31.082352,,2242,,,,Accessories,491,,,,,,,,,,,,,,,,,
,,,2025-12-29 01:58:31.082583,,734,,,,Footwear,121,,,,,,,,,,,,,,,,,
